סמל ועדה,ברזל,שם ישוב,סמל ישוב,קלפי,ריכוז,שופט,בזב,מצביעים,פסולים,כשרים,אמת,ב,ג,ודעם,ז,זץ,ט,י,יז,ינ,יף,יק,יר,כ,כך,כן,ל,מחל,מרצ,נ,ני,נר,עם,פה,ףז,צי,צכ,צף,ץ,ק,קי,קך,קץ,ר,רנ,רף,רק,שס,ת,
1,32,ירושלים,3000,750.5,265,0,542,358,1,357,4,45,6,1,0,0,50,1,4,0,0,0,0,0,0,6,27,120,3,0,0,0,0,25,1,0,0,0,0,0,0,0,0,0,0,0,0,45,19,
1,111,ירושלים,3000,17.1,7,0,479,37,0,37,1,0,26,0,0,0,3,0,0,0,0,0,0,0,0,0,0,1,0,0,0,0,0,0,0,0,0,0,0,0,0,0,0,1,0,0,0,5,0,
1,112,ירושלים,3000,17.2,7,0,479,36,2,34,0,0,22,0,0,0,3,0,0,0,0,0,0,0,0,0,0,3,0,0,0,0,0,0,0,0,0,0,0,0,0,0,0,0,0,0,0,6,0,
1,118,ירושלים,3000,81.3,21,0,568,184,0,184,4,2,86,2,0,0,16,0,1,0,0,0,0,0,0,0,1,8,4,0,0,0,0,2,0,0,0,0,0,0,0,0,0,0,0,0,0,56,2,
1,119,ירושלים,3000,81.4,21,0,568,137,7,130,1,2,79,0,0,0,5,0,0,0,0,0,0,0,0,1,0,4,2,0,0,0,0,1,0,0,0,0,0,0,0,0,1,0,0,0,0,33,1,
1,141,ירושלים,3000,615,41,0,134,7,0,7,0,0,0,3,0,0,0,0,0,0,0,0,0,0,0,1,0,2,0,0,0,0,1,0,0,0,0,0,0,0,0,0,0,0,0,0,0,0,0,
1,144,ירושלים,3000,832.2,376,0,393,41,0,41,0,0,33,0,0,0,8,0,0,0,0,0,0,0,0,0,0,0,0,0,0,0,0,0,0,0,0,0,0,0,0,0,0,0,0,0,0,0,0,
1,167,ירושלים,3000,165.2,92,0,575,289,1,288,14,32,79,2,0,0,46,0,1,0,0,0,0,0,0,8,4,39,14,0,0,0,1,11,0,0,0,0,0,0,0,0,0,2,0,0,0,24,11,
1,217,ירושלים,3000,801.2,320,0,487,390,3,387,0,0,188,0,0,0,11,0,0,0,0,0,0,0,0,0,0,2,1,0,0,0,0,0,0,0,0,0,0,0,0,0,0,0,0,0,0,183,2,
1,232,ירושלים,3000,589.3,123,0,509,366,7,359,0,2,261,0,0,0,17,0,0,0,0,0,0,0,0,0,0,18,1,0,0,0,0,1,0,0,0,0,0,0,0,0,0,0,0,0,0,59,0,
1,248,ירושלים,3000,779.2,387,0,372,292,3,289,0,4,211,0,0,0,7,0,0,0,0,0,0,0,0,0,0,2,0,0,0,0,0,0,0,0,0,0,0,0,0,0,0,0,0,0,0,65,0,
1,440,ירושלים,3000,385.1,107,0,499,311,1,310,18,65,1,0,0,0,25,0,0,0,0,0,0,0,0,20,4,106,6,0,0,0,0,22,0,0,0,0,0,0,0,0,0,3,0,0,0,21,19,
1,672,ירושלים,3000,545.2,325,0,593,81,2,79,0,0,0,48,0,0,0,0,0,0,0,0,0,0,0,0,0,12,3,0,0,0,13,1,0,0,0,1,0,0,0,0,0,0,0,0,0,0,1,
2,778,עטרת,3658,1,1,0,311,256,0,256,0,36,1,1,0,0,187,0,0,0,0,0,0,0,0,1,0,22,0,0,0,0,0,1,0,0,0,0,0,0,0,0,0,0,0,0,0,2,5,
2,789,גבע בנימין,3763,5.4,1,0,540,365,4,361,3,33,2,0,0,0,66,0,0,0,0,0,0,0,0,11,3,149,1,0,0,0,0,10,1,0,0,0,0,0,0,0,0,4,0,0,0,66,12,
2,823,כסלון,859,1,1,0,289,207,0,207,8,15,2,0,0,0,15,0,2,0,0,0,0,0,0,5,0,99,7,0,0,0,0,5,0,0,0,0,0,0,0,0,0,2,0,0,0,39,8,
2,843,אבו גוש,472,1.3,5,0,620,240,5,235,3,0,0,106,0,0,0,0,5,0,0,0,0,0,0,2,1,62,7,0,0,0,43,5,0,0,0,0,0,0,0,0,0,1,0,0,0,0,0,
2,853,מוצא עילית,208,2,2,0,382,271,0,271,55,10,0,4,0,0,6,0,2,0,0,0,0,0,0,53,7,24,38,0,0,0,0,53,0,0,0,0,0,0,0,0,0,0,0,0,0,1,18,
2,862,קרית יערים,1137,2.2,1,0,369,267,0,267,0,6,214,0,0,0,19,0,0,0,0,0,0,0,0,1,0,4,1,0,0,0,0,0,0,0,0,1,0,0,0,0,0,1,0,0,0,18,2,
2,875,יד השמונה,1134,1,3,0,158,121,0,121,9,12,0,0,0,0,1,0,0,0,0,3,0,0,0,9,50,13,1,0,0,0,0,12,0,0,0,0,0,0,0,0,0,6,0,0,0,0,5,
2,880,קרית ענבים,78,1,1,0,328,211,0,211,55,5,0,2,0,0,0,0,0,0,0,0,0,0,0,21,6,17,35,0,0,0,0,54,0,0,0,0,0,0,0,0,0,2,0,0,0,2,12,
2,886,מבשרת ציון,1015,10.3,1,0,574,385,3,382,15,17,0,0,0,0,21,0,1,0,0,0,0,0,0,20,1,189,14,0,0,0,0,29,0,0,0,0,0,0,0,0,0,0,0,0,0,57,18,
2,921,גפן,39,1,1,0,270,207,1,206,3,8,2,0,0,0,15,0,0,0,0,0,0,0,0,2,3,125,2,0,0,0,0,8,0,0,0,0,0,0,0,0,0,0,0,0,0,33,5,
2,929,עגור,794,1,2,0,316,233,1,232,6,6,2,0,0,0,14,0,1,0,0,0,0,0,0,5,4,145,8,0,0,0,0,5,0,0,0,0,0,0,0,0,0,1,1,0,0,30,4,
2,930,צפרירים,1079,1,1,0,319,223,0,223,39,8,5,2,0,0,3,0,1,0,0,0,0,0,0,17,4,57,25,0,0,0,0,25,0,0,0,0,0,0,0,0,0,3,0,0,0,19,15,
2,931,שדות מיכה,27,1,2,0,270,184,1,183,2,13,2,0,0,0,11,0,0,0,0,0,0,0,0,7,3,83,1,0,0,0,0,4,0,0,0,0,0,0,0,0,0,0,0,0,0,48,9,
2,934,תירוש,10,1,1,0,332,227,0,227,0,4,7,0,0,0,12,0,4,0,0,0,0,0,0,0,0,106,1,0,0,0,0,1,0,0,0,0,0,0,0,0,0,0,0,0,0,85,7,
2,938,גיזו,1043,1,2,0,150,122,0,122,18,11,0,0,0,1,2,0,1,0,0,0,0,0,0,10,3,37,10,0,0,0,0,22,0,0,0,0,0,0,0,0,0,1,0,0,0,2,4,
2,939,הראל,464,1,1,0,220,119,0,119,31,4,0,1,0,0,0,0,0,0,0,0,0,0,0,9,5,4,30,0,0,0,0,34,0,0,0,0,0,0,0,0,0,0,0,0,0,0,1,
2,948,נווה שלום,1259,1,1,0,230,178,0,178,15,0,0,90,0,0,0,0,0,0,0,0,0,0,0,2,0,0,63,0,0,0,5,1,0,0,0,0,1,0,0,0,0,0,0,0,0,0,1,
2,969,בית שמש,2610,16.1,10,0,560,377,0,377,9,21,1,0,0,0,19,0,3,0,0,0,0,0,0,20,10,203,0,0,0,0,0,22,1,0,0,0,0,0,0,0,0,0,0,0,0,50,18,
2,1050,בית שמש,2610,86.1,26,0,524,111,1,110,0,0,63,0,0,0,5,0,0,0,0,0,0,0,0,0,0,0,0,0,0,0,0,0,0,0,0,0,0,0,0,0,0,0,0,0,0,42,0,
2,1051,בית שמש,2610,86.2,26,0,524,104,1,103,0,0,73,0,0,0,16,0,0,0,0,0,0,0,0,0,0,0,0,0,0,0,0,0,0,0,0,0,0,0,0,0,0,0,0,0,0,14,0,
2,1100,נווה דניאל,3725,1,2,0,457,322,1,321,2,147,0,0,0,0,108,0,0,0,0,0,0,0,0,3,1,35,0,0,0,0,0,0,0,0,0,0,0,0,0,0,0,3,1,0,0,0,21,
2,1101,נווה דניאל,3725,2,2,0,582,442,0,442,2,197,7,0,0,0,124,0,1,0,0,1,0,0,0,4,2,66,2,0,0,0,0,5,1,0,0,1,0,0,0,0,0,10,1,0,0,2,16,
2,1129,ביתר עילית,3780,27.5,5,0,581,417,3,414,1,3,296,0,0,0,32,0,0,0,0,0,0,0,0,0,0,6,0,0,0,0,0,4,0,0,0,0,0,0,0,0,0,0,0,0,0,72,0,
2,1172,מגדל עוז,3561,1,1,0,267,167,2,165,1,81,0,0,0,0,42,0,1,0,0,0,0,0,0,2,0,24,1,0,0,0,0,2,0,0,0,0,0,0,0,0,0,0,0,0,0,2,9,
2,1180,אדורה,3759,1,1,0,244,183,0,183,1,37,0,0,0,0,66,0,3,0,0,0,0,0,0,4,2,41,0,0,0,0,0,14,0,0,0,0,0,0,0,0,0,2,1,0,0,3,9,
2,1181,חברון,3400,1,1,0,309,201,0,201,2,11,1,0,0,0,163,0,1,0,0,0,0,0,0,0,0,11,0,0,0,0,0,1,0,0,0,0,0,0,0,0,1,7,0,0,0,1,2,
2,1184,נגוהות,3724,1,1,0,158,139,0,139,0,35,0,0,0,0,92,0,0,0,0,0,0,0,0,0,0,9,0,0,0,0,0,0,0,0,0,0,0,0,0,0,0,0,0,0,0,1,2,
2,1186,פני חבר,3723,1,1,0,249,198,2,196,1,11,1,0,0,0,153,0,0,0,0,0,0,0,0,2,0,15,0,0,0,0,0,2,0,0,0,0,0,0,0,0,0,8,0,0,0,3,0,
2,1196,תלם,3719,1,1,0,215,156,0,156,1,30,3,0,0,0,88,0,1,0,0,1,0,0,0,0,1,22,0,0,0,0,0,2,1,0,0,0,0,0,0,0,0,0,0,0,0,1,5,
3,1275,אביבים,1115,1,1,0,342,243,1,242,0,2,1,0,0,0,8,0,0,0,0,0,0,0,0,0,0,140,0,0,0,0,0,1,0,0,0,0,0,0,0,0,0,1,0,0,0,88,1,
3,1276,אור הגנוז,1294,1,2,0,296,162,1,161,0,5,72,0,0,0,29,0,0,0,0,0,0,0,0,0,0,2,1,0,0,0,0,1,0,0,0,0,0,0,0,0,0,1,0,0,0,50,0,
3,1286,דישון,2063,1,1,0,306,200,2,198,7,10,2,0,0,0,11,0,4,0,0,0,1,0,0,20,4,94,3,0,0,0,0,7,0,0,0,0,0,0,0,0,0,0,1,0,0,16,18,
3,1290,כדיתה,1338,1,1,0,138,49,1,48,9,4,2,0,0,0,1,0,2,0,0,0,0,0,1,5,0,8,4,0,0,0,0,3,0,0,0,0,0,0,0,0,0,6,0,0,0,2,1,
3,1293,כפר שמאי,605,1,1,0,337,240,0,240,4,11,4,0,0,0,53,0,0,0,0,0,0,1,0,4,2,109,5,0,0,0,0,11,0,0,0,0,0,0,0,0,0,3,0,0,0,28,5,
3,1298,עמוקה,1212,1,1,0,147,103,1,102,28,4,0,2,0,0,2,0,1,0,0,0,0,0,0,12,3,8,22,0,0,0,0,19,0,0,0,0,0,0,0,0,0,0,0,0,0,0,1,
3,1332,צפת,8000,25.2,24,0,368,204,0,204,0,22,28,0,0,0,48,0,0,0,0,0,0,0,0,6,2,33,2,1,0,0,0,6,0,0,0,0,0,0,0,0,0,1,0,0,0,55,0,
3,1377,יסוד המעלה,29,2.3,1,0,433,300,0,300,47,17,0,1,0,0,14,0,8,0,0,0,0,0,0,69,6,43,21,0,0,0,0,51,0,0,0,0,0,0,0,0,0,0,0,0,0,2,21,
3,1412,מנרה,347,1,1,0,210,147,0,147,56,1,0,0,0,0,0,0,1,0,0,0,0,0,0,22,5,4,24,0,0,0,0,27,0,0,0,0,0,0,0,0,0,2,0,0,0,0,5,
3,1414,מרגליות,843,1,1,0,338,189,1,188,5,19,2,0,0,0,6,0,1,0,0,0,0,0,0,23,2,72,5,0,0,0,0,21,0,0,0,0,0,0,0,0,0,2,0,0,0,9,21,
3,1415,משגב עם,378,1,1,0,257,173,0,173,67,2,0,0,0,0,0,0,5,0,0,0,0,0,0,12,15,6,15,0,0,0,0,43,0,0,0,0,0,0,0,0,0,1,0,0,0,0,7,
3,1466,נווה אטיב,4303,1,1,0,175,105,2,103,7,9,0,0,0,1,3,1,0,0,0,1,0,0,0,10,1,25,5,0,0,0,0,30,0,0,0,0,0,0,0,0,0,0,0,0,0,0,10,
3,1470,עין זיוון,4503,1,1,0,295,204,0,204,48,9,0,0,0,0,1,0,3,0,0,0,0,0,0,20,14,22,21,0,0,0,0,44,0,0,0,0,0,0,0,0,0,6,0,0,0,0,16,
3,1471,עין קנייא,4502,1,3,0,165,17,0,17,0,0,0,0,0,0,0,0,0,0,0,0,0,0,0,0,0,8,0,0,0,0,0,5,0,0,0,0,0,0,0,0,0,0,0,0,0,0,4,
3,1473,קלע,4024,1,1,0,236,145,0,145,19,5,0,0,0,0,2,0,4,0,0,0,0,0,1,7,16,30,7,0,0,0,0,39,0,0,0,0,0,0,0,0,0,3,0,0,0,0,12,
3,1486,שעל,4009,1,1,0,224,167,2,165,21,5,0,0,0,2,9,0,1,0,0,0,0,0,0,14,7,41,4,0,0,0,0,39,0,0,0,0,0,0,0,0,0,3,0,0,0,6,13,
4,1487,טבריה,6700,2,14,0,559,280,0,280,1,13,9,0,0,0,27,0,3,0,0,0,1,0,0,7,19,125,4,0,0,0,0,19,0,0,0,0,0,0,0,0,0,1,0,0,0,45,6,
4,1498,טבריה,6700,12,37,0,511,177,1,176,4,18,8,3,0,0,9,0,1,0,0,0,0,0,0,8,10,81,0,0,0,0,0,12,0,0,0,0,0,0,0,0,0,0,0,0,0,14,8,
4,1500,טבריה,6700,16,4,0,483,200,1,199,1,7,7,0,0,0,5,0,0,0,0,0,0,1,0,0,47,99,1,0,0,0,0,10,0,0,0,0,0,0,0,0,0,0,1,0,0,15,5,
4,1508,טבריה,6700,28,4,0,381,175,1,174,1,8,2,0,0,0,7,0,0,0,0,0,0,0,0,8,39,65,1,0,0,0,0,11,0,0,0,0,0,0,0,0,0,3,0,0,0,20,9,
4,1513,טבריה,6700,33,7,0,501,276,4,272,1,12,4,0,0,0,20,0,1,0,0,0,0,0,0,8,8,155,2,0,0,0,0,11,0,0,0,0,0,0,0,0,0,1,0,0,0,44,5,
4,1519,טבריה,6700,38.2,25,0,606,339,4,335,2,18,9,0,0,0,13,0,0,0,0,0,0,0,0,22,36,157,1,0,0,0,0,35,0,0,0,0,0,0,0,0,0,3,0,0,0,30,9,
4,1523,טבריה,6700,40.1,9,0,472,248,1,247,2,3,11,0,0,0,17,0,0,0,0,0,0,0,0,1,13,133,1,0,0,0,0,5,0,0,0,0,0,0,0,0,0,0,0,0,0,56,5,
4,1548,טבריה,6700,55,33,0,371,166,1,165,1,4,2,1,0,0,2,0,1,0,0,0,0,0,0,1,57,52,8,0,0,0,0,16,0,0,0,0,0,0,0,0,0,2,0,0,0,13,5,
4,1552,טבריה,6700,60,47,0,424,257,0,257,1,9,99,0,0,0,12,0,1,0,0,0,0,0,0,8,3,51,1,0,0,0,0,18,0,0,0,0,0,0,0,0,0,3,0,0,0,45,6,
4,1553,אלומות,330,1,1,0,316,205,0,205,45,12,1,0,0,0,2,0,2,0,0,0,0,0,0,26,3,24,31,0,0,0,0,49,0,0,0,0,0,0,0,0,0,0,0,0,0,1,9,
4,1573,פוריה  כפר עבודה,1104,1,1,0,267,168,1,167,1,19,2,0,0,0,3,0,2,0,0,1,0,0,0,7,0,88,0,0,0,0,0,14,0,0,0,0,0,0,0,0,0,5,0,0,0,12,13,
4,1580,אלמגור,1125,1,1,0,295,232,1,231,67,3,0,1,0,0,1,0,2,0,0,0,0,0,0,48,12,6,31,0,0,0,0,48,0,0,0,0,0,0,0,0,0,4,0,0,0,0,8,
4,1581,אמנון,1253,1,1,0,337,220,1,219,17,38,1,0,0,0,9,0,4,0,0,0,0,0,0,27,8,63,6,0,0,0,0,26,0,0,0,0,0,0,0,0,0,2,0,0,0,1,17,
4,1589,טפחות,1214,1,1,0,255,205,1,204,0,17,2,0,0,0,77,0,0,0,0,0,0,0,0,3,1,87,0,0,0,0,0,0,0,1,0,0,0,0,0,0,0,0,0,0,0,13,3,
4,1590,כלנית,1229,1,1,0,190,139,0,139,0,5,2,0,0,0,19,0,0,0,0,0,0,0,2,0,0,90,1,0,0,0,0,0,0,0,0,0,0,0,0,0,0,0,0,0,0,19,1,
4,1601,לבנים,1230,1,2,0,329,239,0,239,31,10,2,1,0,0,10,2,5,0,0,0,0,0,0,20,8,70,6,0,0,0,0,53,0,0,0,0,0,0,0,0,0,1,0,0,0,2,18,
4,1606,מצפה,58,1,1,0,118,85,0,85,9,4,0,0,0,0,1,0,1,0,0,0,0,0,0,11,3,21,4,0,0,0,0,23,0,0,0,0,0,0,0,0,0,2,0,0,0,0,6,
4,1613,אליעד,4002,1,1,0,311,222,3,219,46,21,0,0,0,0,8,0,1,0,0,0,0,0,0,27,12,18,11,0,0,0,0,54,1,0,0,0,0,0,0,0,0,3,0,0,0,0,17,
4,1615,אפיק,4301,1,1,0,256,177,3,174,32,8,0,0,1,0,2,0,3,0,0,0,0,0,0,22,8,14,15,0,0,0,0,53,0,0,0,0,0,0,0,0,0,5,0,0,0,0,11,
4,1619,גשור,4022,1,1,0,223,151,0,151,22,9,0,0,0,2,1,0,3,0,0,0,0,0,0,8,17,22,13,0,0,0,0,38,0,0,0,0,0,0,0,0,0,4,0,0,0,1,11,
4,1626,כנף,4028,1,1,0,336,238,0,238,37,30,0,1,0,0,5,0,8,0,0,0,0,0,0,26,6,24,13,0,0,0,0,68,0,0,0,0,0,0,0,0,0,1,0,0,0,0,19,
4,1629,מיצר,4019,1,1,0,118,90,0,90,24,10,0,0,0,0,1,0,2,0,0,0,0,0,0,6,5,0,10,0,0,0,0,17,0,0,0,0,0,0,0,0,0,2,0,0,0,0,13,
4,1630,מעגן,678,1,3,0,321,211,3,208,35,8,0,0,0,0,2,0,0,0,0,0,0,0,0,43,7,28,19,0,0,0,1,54,0,0,0,0,0,0,0,0,0,1,0,0,0,1,9,
4,1640,חמאם,993,2,1,0,580,214,2,212,6,0,0,62,0,0,0,0,0,0,0,0,0,0,0,4,0,31,1,0,0,0,95,1,0,0,0,0,0,0,0,0,0,0,0,0,0,12,0,
4,1644,כפר כמא,508,4.2,1,0,465,173,3,170,41,0,0,6,0,0,0,0,12,0,0,0,0,0,0,40,3,7,18,0,0,0,9,25,0,0,0,0,0,0,0,0,1,0,0,0,0,1,7,
4,1649,מגאר,481,5.2,5,0,448,151,0,151,10,13,0,40,0,0,0,0,1,0,0,0,0,0,0,7,32,15,8,0,0,0,2,10,0,1,0,0,0,0,0,0,0,0,0,0,0,2,10,
5,1687,אחוזת ברק,1330,3.2,3,0,435,320,2,318,24,31,0,0,0,0,4,0,3,0,0,0,0,0,0,36,10,85,11,0,0,0,0,87,0,0,0,0,0,0,0,0,0,1,0,0,0,8,18,
5,1690,גזית,457,1.2,1,0,327,235,0,235,44,3,0,1,0,0,1,0,3,0,0,0,0,0,0,21,12,5,85,0,0,0,0,50,0,0,0,0,0,0,0,0,0,5,0,0,0,0,5,
5,1691,דברת,407,1,1,0,347,253,0,253,56,17,0,0,0,0,1,0,2,0,0,0,0,0,0,36,10,14,13,0,0,0,0,74,0,0,0,0,0,0,0,0,0,2,0,0,0,5,23,
5,1692,דחי,475,1,1,0,529,106,1,105,1,0,0,56,0,0,0,0,0,0,0,0,0,0,0,1,0,16,8,0,0,0,20,0,0,0,0,0,0,0,0,0,0,0,0,0,0,0,3,
5,1696,ניין,523,2.1,1,0,457,267,12,255,3,0,0,51,0,0,0,0,0,0,0,0,0,0,0,0,1,139,6,0,0,0,51,3,0,0,0,0,0,0,0,0,0,0,0,0,0,0,1,
5,1703,עפולה,7700,2.2,6,0,353,200,1,199,1,14,21,0,0,0,7,0,0,0,0,0,0,0,0,3,35,84,1,0,0,0,0,6,0,0,0,0,0,0,0,0,0,1,0,0,0,23,3,
5,1714,עפולה,7700,7,9,0,602,310,2,308,6,2,69,0,0,0,7,0,2,0,0,0,0,0,0,4,55,123,0,0,0,0,0,11,0,0,0,0,0,0,1,0,0,0,0,0,0,20,8,
5,1719,עפולה,7700,9.1,11,0,346,179,3,176,4,6,8,0,0,0,7,0,0,0,0,0,0,0,0,11,9,80,2,0,0,0,0,11,1,0,0,0,0,0,0,0,0,5,0,0,0,27,5,
5,1720,עפולה,7700,9.2,11,0,346,171,3,168,1,8,13,0,0,0,8,0,0,0,0,0,0,0,1,3,13,91,2,0,0,0,0,5,0,0,0,0,0,0,0,1,0,2,0,0,0,11,9,
5,1728,עפולה,7700,18.1,16,0,339,182,2,180,2,13,1,1,0,0,6,0,4,0,1,0,0,0,0,2,20,79,4,1,0,0,0,23,0,0,0,0,0,0,0,0,0,0,0,0,0,13,10,
5,1733,עפולה,7700,19.4,4,0,637,315,0,315,12,20,2,1,0,0,8,0,2,0,0,0,0,0,1,12,56,124,4,0,0,0,0,33,0,0,0,0,1,0,0,0,0,1,0,0,0,18,20,
5,1738,עפולה,7700,32,19,0,512,285,1,284,4,19,4,0,0,0,16,0,0,0,0,0,0,0,0,10,35,130,1,0,0,0,0,28,0,0,0,0,0,0,0,0,0,0,0,0,0,25,12,
5,1743,עפולה,7700,40.4,22,0,510,276,1,275,6,10,20,0,0,0,14,0,2,0,0,0,0,0,0,8,50,102,3,0,0,0,0,20,0,0,0,0,0,0,0,0,0,2,0,0,0,27,11,
5,1752,עפולה,7700,53.3,18,0,622,397,0,397,12,29,1,0,0,0,35,0,2,0,0,0,0,0,0,23,11,197,4,0,0,0,0,23,1,0,0,0,0,0,0,0,0,1,0,0,0,24,34,
5,1768,עפולה,7700,67.2,29,0,445,300,1,299,5,32,0,0,0,1,9,0,1,0,0,0,0,0,0,16,27,137,5,0,0,0,0,35,0,1,0,0,0,0,0,0,0,3,1,0,0,5,21,
5,1782,שבלי  אום אלגנם,913,4.1,1,0,511,170,0,170,2,0,0,44,0,0,0,0,0,0,0,0,0,0,0,1,7,4,7,0,0,0,81,5,0,0,2,0,0,0,0,0,0,0,0,0,0,1,16,
5,1785,שבלי  אום אלגנם,913,5,3,0,629,282,2,280,3,0,0,109,0,0,1,0,0,0,0,1,0,0,1,1,0,11,9,0,0,0,143,0,0,0,0,0,0,0,0,0,0,0,0,0,0,1,0,
5,1787,אביטל,2052,1,1,0,397,299,0,299,4,14,0,0,0,0,30,0,2,0,0,0,0,0,0,19,3,180,0,0,0,0,0,4,0,0,0,0,0,0,0,0,0,1,0,0,0,29,13,
5,1790,ברק,141,1,1,0,305,202,1,201,15,10,0,0,0,0,4,0,2,0,0,0,0,0,0,41,1,78,0,0,0,0,0,30,0,0,0,0,0,0,0,0,0,1,0,0,0,6,13,
5,1792,גדיש,145,1,1,0,285,201,0,201,3,6,1,0,0,0,7,0,0,0,0,0,0,0,0,2,1,159,0,0,0,0,0,2,0,0,0,0,0,0,0,0,0,0,0,0,0,14,6,
5,1793,גדעונה,442,1,1,0,313,231,0,231,11,16,23,0,0,0,9,0,5,0,0,0,0,0,0,5,5,107,4,0,0,0,0,26,0,0,0,0,0,0,0,0,0,4,1,0,0,7,8,
5,1799,דבוריה,489,2.1,1,0,468,171,2,169,1,0,0,118,0,0,0,0,0,0,0,0,0,0,0,0,0,3,0,0,0,0,47,0,0,0,0,0,0,0,0,0,0,0,0,0,0,0,0,
5,1817,חבר,1110,1,1,0,409,287,4,283,14,15,0,0,0,0,5,0,3,0,0,0,0,0,0,24,13,120,4,0,0,0,0,30,1,0,0,0,0,0,0,0,0,3,0,0,0,23,28,
5,1830,מוקייבלה,635,4.1,2,0,449,147,1,146,0,0,0,111,0,0,0,0,0,0,0,0,0,0,0,0,0,3,1,0,0,0,29,0,0,1,0,0,0,0,0,0,1,0,0,0,0,0,0,
5,1834,מלאה,164,1,1,0,277,220,1,219,3,11,1,0,0,0,10,0,2,0,0,0,0,0,0,6,2,137,1,0,0,0,0,12,0,0,0,0,0,0,0,0,0,0,0,0,0,28,6,
5,1838,נאעורה,524,2.1,1,0,510,199,1,198,1,0,0,84,0,0,0,0,0,0,0,0,0,0,0,1,0,17,16,0,0,0,70,2,0,0,1,0,0,0,0,0,0,0,0,0,0,6,0,
5,1841,נורית,833,1,1,0,127,101,0,101,7,9,2,1,0,0,7,0,1,0,0,0,0,0,0,9,1,28,7,0,0,0,0,24,0,0,0,0,0,0,0,0,0,1,0,0,0,0,4,
5,1843,סולם,526,3.1,1,0,520,187,2,185,2,0,0,86,0,0,0,0,2,0,0,0,0,0,0,2,0,8,8,0,0,0,71,5,0,1,0,0,0,0,0,0,0,0,0,0,0,0,0,
5,1848,פרזון,2053,1,1,0,342,237,3,234,8,22,3,0,0,0,14,0,2,0,0,0,0,0,0,18,0,132,3,0,0,0,0,4,0,0,0,0,0,0,0,0,0,0,1,0,0,13,14,
5,1910,עין חרוד מאוחד,82,1.1,1,0,346,240,1,239,71,16,1,0,0,0,4,0,0,0,0,0,0,0,0,32,8,18,26,0,0,0,0,46,0,0,0,0,0,0,0,0,0,0,0,0,0,0,17,
5,1911,עין חרוד מאוחד,82,1.2,1,0,346,256,1,255,78,11,1,0,0,0,2,0,2,0,0,0,0,0,0,67,7,4,31,0,0,0,0,38,0,0,0,0,0,1,0,0,0,0,1,0,0,0,12,
5,1923,תל יוסף,84,1,1,0,369,276,0,276,72,5,0,0,0,0,4,0,8,0,0,0,0,0,0,53,8,10,32,0,0,0,0,71,0,0,0,0,0,0,0,0,0,4,0,0,0,2,7,
5,2040,אכסאל,478,13.2,1,0,604,250,2,248,0,0,0,146,0,0,0,0,0,0,0,0,0,0,0,1,0,15,4,0,0,0,79,3,0,0,0,0,0,0,0,0,0,0,0,0,0,0,0,
5,2156,בית זיד,353,1,3,0,112,64,0,64,21,0,0,0,0,0,0,0,0,0,0,0,0,0,0,6,1,3,2,0,1,1,0,24,0,0,0,0,0,1,0,0,0,1,0,1,0,0,2,
5,2227,כפר גדעון,106,1,2,0,189,136,1,135,1,5,44,0,0,0,19,0,0,0,0,0,0,0,0,2,1,24,0,0,0,0,0,7,0,0,0,0,0,0,0,0,0,0,0,0,0,25,7,
5,2230,מחנה יהודית,1413,1,1,0,132,105,1,104,7,14,0,0,0,0,1,0,1,0,0,0,0,0,0,12,6,22,8,0,0,0,0,25,0,0,0,0,0,0,0,0,0,0,0,0,0,0,8,
5,2386,בועיינהנוגידאת,482,1.2,7,0,377,199,6,193,0,0,0,69,0,0,0,0,0,0,0,0,0,0,0,0,0,5,1,0,0,0,117,1,0,0,0,0,0,0,0,0,0,0,0,0,0,0,0,
5,2389,בועיינהנוגידאת,482,5.1,5,0,491,212,4,208,1,0,0,28,0,0,0,0,1,0,0,0,0,0,0,1,0,10,4,0,0,0,154,6,0,0,1,0,0,0,0,0,1,0,0,0,0,0,1,
5,2393,בועיינהנוגידאת,482,6.2,9,0,387,234,0,234,1,0,0,55,0,0,0,0,0,0,0,0,0,0,0,0,0,9,1,0,0,0,159,0,0,0,1,0,0,0,0,0,0,0,0,0,0,8,0,
5,2399,בועיינהנוגידאת,482,9.3,1,0,497,230,4,226,0,0,0,71,0,0,0,0,0,0,0,0,0,0,0,0,0,10,0,0,0,0,139,0,0,0,0,0,0,0,0,0,0,0,0,0,0,6,0,
5,2406,בסמת טבעון,944,7.1,3,0,465,132,0,132,6,0,0,24,0,0,1,0,0,0,0,0,0,0,0,1,0,23,9,0,0,0,65,0,0,0,0,0,0,0,0,0,1,0,0,0,0,0,2,
5,2417,זרזיר,975,6.1,4,0,378,165,4,161,3,0,0,34,0,0,0,1,3,0,0,0,0,0,1,4,0,43,5,0,0,0,50,2,0,0,0,0,0,0,0,0,0,0,0,0,0,0,15,
5,2428,טורעאן,498,10.2,1,0,494,125,1,124,0,0,0,67,0,0,0,0,0,0,0,0,0,0,0,0,1,2,0,0,0,0,53,0,0,0,0,0,0,0,0,0,0,0,0,0,0,0,1,
5,2455,עוזייר,528,3.2,2,0,526,166,0,166,0,0,0,91,0,0,0,0,0,0,0,0,0,0,0,0,0,2,10,0,0,0,54,0,0,0,0,0,0,0,0,0,0,0,0,0,0,8,1,
7,3422,חיפה,4000,50,5,0,512,173,1,172,3,0,0,136,0,0,0,0,0,0,0,1,0,0,0,0,0,8,13,0,0,0,2,9,0,0,0,0,0,0,0,0,0,0,0,0,0,0,0,
7,3427,חיפה,4000,79,5,0,455,202,2,200,11,0,0,139,0,0,0,1,1,0,0,0,1,0,0,3,2,10,13,0,0,0,8,9,0,1,0,0,0,0,0,1,0,0,0,0,0,0,0,
7,3429,חיפה,4000,81.1,58,0,642,219,5,214,8,0,0,138,0,0,1,0,1,0,0,1,0,0,0,1,9,21,12,0,0,0,9,11,0,0,0,0,0,0,0,0,0,1,0,0,0,0,1,
7,3457,חיפה,4000,376.1,134,0,639,232,1,231,6,7,2,26,0,0,1,1,4,0,0,0,1,0,0,13,59,58,7,0,0,0,5,24,0,1,0,0,0,0,0,2,0,2,0,0,0,6,6,
7,3468,חיפה,4000,304.1,270,0,440,131,1,130,16,1,0,20,0,0,1,0,2,0,0,0,0,0,0,10,17,29,5,0,0,0,1,17,1,0,0,0,1,0,0,0,0,3,0,0,0,5,1,
7,3474,חיפה,4000,318.2,122,0,463,175,0,175,16,2,30,2,0,0,10,0,0,0,0,0,0,0,0,0,36,34,13,0,0,0,0,17,0,0,0,0,0,0,0,0,0,1,0,0,0,9,5,
7,3476,חיפה,4000,320,135,0,501,215,3,212,2,5,94,5,0,0,4,0,2,0,0,0,0,0,0,3,37,28,2,0,0,0,0,9,0,0,0,0,0,0,0,0,0,4,0,0,0,15,2,
7,3485,חיפה,4000,343.3,130,0,551,331,0,331,0,2,236,1,0,0,12,0,1,0,0,0,0,0,0,3,19,27,2,0,0,0,0,5,0,0,0,0,0,0,0,0,0,0,0,0,0,19,4,
7,3489,חיפה,4000,344.2,63,0,596,213,1,212,16,4,17,10,1,0,8,0,0,0,0,0,0,0,0,6,50,39,15,0,0,0,2,32,0,0,0,0,0,0,0,0,0,3,0,0,0,1,8,
7,3495,חיפה,4000,990,231,0,255,8,0,8,0,0,0,1,0,0,0,0,0,0,0,0,0,0,0,0,0,4,0,0,0,0,0,2,0,0,0,0,0,0,0,0,0,0,0,0,0,1,0,
7,3517,חיפה,4000,345.3,73,0,499,267,3,264,17,13,0,15,0,0,11,0,4,0,0,0,0,0,0,18,33,66,9,0,0,0,1,50,0,0,0,0,0,0,0,0,0,2,0,0,0,5,20,
7,3536,חיפה,4000,129.2,46,0,555,236,4,232,5,4,1,73,0,0,1,0,0,0,0,0,0,0,0,2,49,47,12,0,0,0,3,27,0,0,0,0,0,0,0,0,0,2,0,0,0,1,5,
7,3555,חיפה,4000,138,25,0,441,194,2,192,6,6,0,3,0,0,2,0,4,0,0,0,0,0,0,3,54,65,7,0,0,0,0,26,0,0,0,0,0,0,0,0,0,1,0,0,0,3,12,
7,3570,חיפה,4000,231.1,106,1,582,366,2,364,18,27,0,13,0,0,4,0,3,0,0,0,0,0,0,32,29,127,16,0,0,0,0,67,0,0,0,0,0,0,0,0,0,0,0,0,0,8,20,
7,3602,חיפה,4000,155.1,36,0,547,255,1,254,7,11,3,3,0,0,2,0,3,0,0,0,0,0,0,18,41,89,6,0,0,0,0,34,0,0,0,0,0,0,0,0,1,2,1,1,0,16,16,
7,3631,חיפה,4000,960,34,0,321,87,0,87,1,2,0,9,0,0,1,0,0,0,0,0,0,0,0,11,5,30,11,0,0,0,2,12,0,0,0,0,0,0,0,0,0,0,0,0,0,2,1,
7,3703,חיפה,4000,176.4,263,0,611,355,2,353,31,22,7,0,0,1,13,0,5,0,0,0,0,0,0,48,17,40,39,0,0,0,0,109,0,0,0,0,0,0,0,0,0,2,1,0,0,0,18,
7,3746,חיפה,4000,410,75,0,452,303,1,302,65,4,0,0,0,0,4,0,0,0,0,0,0,0,0,44,14,25,41,0,0,0,0,85,0,0,0,0,0,0,0,0,0,3,0,0,0,3,14,
7,3747,חיפה,4000,446,75,0,431,279,0,279,28,20,0,0,0,0,9,0,1,0,0,0,0,0,0,31,23,45,30,0,0,0,0,82,0,0,0,0,0,0,0,0,0,0,0,0,0,2,8,
7,3788,חיפה,4000,346.2,29,0,646,344,4,340,18,36,2,0,0,0,6,1,4,0,0,0,0,0,0,25,47,74,13,0,0,0,0,86,0,0,0,0,0,0,0,0,1,2,0,0,0,0,25,
7,3794,חיפה,4000,349.3,60,0,598,241,2,239,5,10,0,13,0,0,8,0,1,0,0,0,0,0,1,14,40,89,4,0,0,0,0,22,0,0,0,0,0,0,0,0,0,5,0,0,0,18,9,
7,3797,חיפה,4000,353,53,0,507,226,5,221,5,9,0,0,0,0,1,0,2,0,0,1,0,0,0,18,46,79,4,0,0,0,0,33,0,0,0,0,0,0,0,0,0,3,0,0,0,7,13,
7,3811,חיפה,4000,412,261,0,616,283,7,276,13,14,5,0,0,0,15,1,1,0,0,0,0,0,0,14,55,89,9,0,1,1,0,34,1,0,0,0,0,0,0,0,1,2,0,0,0,10,10,
7,3814,חיפה,4000,423,57,0,469,203,0,203,10,8,1,0,0,0,4,0,1,0,0,0,0,0,1,9,58,45,7,0,0,0,0,38,2,0,0,0,0,0,0,0,0,0,0,0,0,0,19,
7,3830,חיפה,4000,705,41,0,604,271,4,267,10,12,1,1,0,0,7,0,2,0,0,0,1,0,1,13,32,116,2,0,0,0,0,34,0,0,0,0,0,0,0,0,0,2,0,0,0,13,20,
8,3908,כפר גלים,427,1,1,0,106,58,0,58,4,3,1,0,0,0,0,0,2,0,0,0,0,0,0,3,8,24,1,0,0,0,0,8,0,0,0,0,0,0,0,0,0,0,0,0,0,0,4,
8,3998,כפר חסידים א,112,1,1,0,527,392,1,391,21,56,18,0,0,0,44,0,1,0,0,0,0,0,0,32,20,63,7,0,0,0,0,95,0,0,0,0,0,0,0,0,0,1,0,0,0,12,21,
8,3999,כפר חסידים ב,889,1,2,0,219,159,0,159,6,36,5,0,0,0,13,0,0,0,0,0,0,0,0,12,8,45,4,0,0,1,0,24,0,0,0,0,0,0,0,0,0,0,0,0,0,3,2,
8,4056,קרית ביאליק,9500,4.3,24,0,436,229,0,229,9,16,1,0,0,0,3,0,3,0,0,0,0,0,0,11,22,68,4,1,0,0,0,46,0,0,0,0,0,0,0,0,0,3,0,0,0,22,20,
8,4114,כפר המכבי,254,1,1,0,316,219,1,218,51,5,0,0,0,0,0,0,0,0,0,0,0,0,0,37,7,14,24,0,0,0,0,74,0,0,0,0,0,0,0,0,0,1,0,0,0,0,5,
8,4123,קרית אתא,6800,8.3,37,0,465,258,2,256,4,14,2,1,0,0,15,0,7,0,0,0,0,0,0,10,39,91,4,0,0,0,0,22,0,0,0,0,0,0,0,0,0,1,0,0,0,32,14,
8,4139,קרית אתא,6800,23,5,0,616,405,1,404,17,18,15,0,0,0,33,1,1,0,0,0,0,0,0,28,20,151,3,0,0,0,0,44,0,0,0,0,0,0,0,0,0,0,0,0,0,58,15,
8,4162,קרית אתא,6800,41,23,0,530,256,7,249,5,5,0,0,0,0,1,0,1,0,0,0,0,0,1,12,56,124,0,0,0,1,0,19,0,0,0,0,0,0,0,0,0,1,0,1,0,5,17,
8,4167,קרית אתא,6800,47.2,25,0,496,314,1,313,7,25,1,0,0,0,14,0,2,0,0,0,0,0,1,15,7,150,5,0,0,0,0,35,0,1,0,0,0,0,0,0,0,0,1,0,0,32,17,
8,4171,קרית אתא,6800,50,8,0,627,285,3,282,4,10,0,0,0,0,4,0,2,0,0,0,0,0,1,13,56,126,2,0,0,0,0,19,0,0,0,0,0,0,0,0,0,3,0,0,0,25,17,
8,4176,קרית אתא,6800,59.2,43,0,444,309,2,307,7,21,11,0,0,1,15,1,0,0,0,0,0,0,0,30,15,124,2,0,0,0,0,32,0,0,0,0,0,0,0,0,0,1,0,0,0,17,30,
8,4213,קרית ים,9600,7.6,27,0,574,264,5,259,3,8,2,0,0,0,8,0,2,0,0,0,0,0,0,6,33,141,2,0,0,0,1,23,0,0,0,0,0,1,0,0,0,1,0,0,0,12,16,
8,4278,קרית מוצקין,8200,16.2,1,0,611,301,2,299,9,17,0,1,0,0,4,1,2,0,0,0,0,0,0,31,46,84,5,0,0,0,0,68,0,0,1,0,0,0,0,0,1,0,0,0,0,6,23,
9,4375,ערערה,637,14.2,12,0,457,114,0,114,0,0,0,57,0,0,0,0,0,0,0,0,0,0,0,0,0,2,3,0,0,0,50,0,0,0,0,1,1,0,0,0,0,0,0,0,0,0,0,
9,4397,בית אורן,317,1,1,0,338,224,0,224,52,4,1,0,0,0,3,0,8,0,0,0,0,0,0,35,6,20,29,0,0,0,0,51,0,0,0,0,0,0,0,0,0,6,0,0,0,1,8,
9,4399,בית צבי,212,1,1,0,64,31,0,31,0,0,7,0,0,0,17,0,0,0,0,0,0,0,0,0,0,2,0,0,0,0,0,0,0,0,0,0,0,0,0,0,0,0,0,0,0,5,0,
9,4403,גסר אזרקא,541,5.3,2,0,480,104,1,103,0,0,0,63,0,1,0,0,0,0,0,0,0,0,0,0,0,6,2,0,1,0,26,2,0,0,0,0,0,0,0,0,0,0,1,0,0,1,0,
9,4404,גסר אזרקא,541,6.1,5,0,361,113,0,113,2,0,0,67,0,0,0,0,0,1,0,0,0,0,0,0,0,4,2,0,0,0,32,2,0,0,0,0,0,0,0,0,0,0,0,0,0,2,1,
9,4405,גסר אזרקא,541,6.2,5,0,361,89,0,89,0,0,0,40,0,0,0,0,0,0,0,0,0,0,0,0,0,11,2,0,0,0,34,0,0,0,0,0,0,0,0,0,0,0,0,0,0,2,0,
9,4408,גסר אזרקא,541,7.3,3,0,513,104,5,99,0,0,0,66,0,0,0,0,0,0,0,0,0,0,0,0,0,6,2,0,0,0,23,0,0,0,0,0,0,0,0,0,0,1,0,1,0,0,0,
9,4411,גסר אזרקא,541,10.3,6,0,445,106,4,102,2,0,0,63,0,0,0,0,0,0,0,0,0,0,0,0,0,5,0,0,0,0,31,0,0,0,0,0,0,0,0,0,0,0,0,0,0,1,0,
9,4427,מאיר שפיה,102,1,1,0,115,58,2,56,8,4,0,0,0,0,0,0,1,0,0,0,0,0,0,6,4,11,1,0,0,0,0,8,0,0,0,0,0,0,0,0,0,3,0,0,0,0,10,
9,4435,נווה ים,312,1,3,0,210,153,0,153,29,16,0,0,0,0,9,0,5,0,0,0,0,0,0,13,5,39,7,0,0,0,0,20,0,0,0,0,0,0,0,0,0,0,0,0,0,1,9,
9,4442,עין חוד,1320,1,1,0,198,98,2,96,1,0,0,75,0,0,0,0,0,0,0,0,0,0,0,0,0,1,2,0,0,0,16,1,0,0,0,0,0,0,0,0,0,0,0,0,0,0,0,
9,4464,פוריידיס,537,9.1,11,0,383,92,0,92,0,0,0,40,0,0,0,0,3,0,0,0,0,0,0,1,0,4,9,0,0,0,32,2,0,0,0,0,0,0,0,0,0,0,0,0,0,1,0,
9,4465,פוריידיס,537,9.2,11,0,383,125,2,123,0,0,0,41,0,0,0,0,0,0,0,0,0,0,0,0,0,14,12,0,0,0,42,2,0,0,0,0,0,0,0,0,0,0,0,0,0,12,0,
9,4563,שער מנשה,921,1,1,0,122,13,0,13,0,1,0,0,0,0,1,0,0,0,0,0,0,0,0,1,0,6,0,0,0,0,0,0,0,0,0,0,0,0,0,0,0,0,0,0,0,4,0,
9,4565,תלמי אלעזר,2003,1.2,4,0,344,271,0,271,46,5,0,0,0,0,3,0,2,0,0,0,0,0,0,30,13,54,26,0,0,0,0,75,0,0,0,0,0,0,0,0,0,0,0,0,0,2,15,
9,4778,מי עמי,1128,1,1,0,256,187,1,186,54,2,0,1,0,0,0,0,0,0,0,0,0,0,0,26,6,7,33,0,0,0,0,46,0,0,0,0,0,0,0,0,0,2,0,0,0,0,9,
9,4798,אלוני יצחק,868,1,2,0,125,23,0,23,5,1,0,0,0,0,0,0,1,0,0,0,0,0,0,3,0,1,0,0,0,0,0,6,0,0,0,0,0,0,0,0,0,0,0,0,0,0,6,
9,4802,חרמש,3717,1,1,0,212,131,1,130,2,17,0,0,0,0,11,0,3,0,0,0,0,0,0,2,18,45,2,0,0,0,0,15,0,0,0,0,0,0,1,0,0,6,0,0,0,3,5,
9,4803,כפר גליקסון,310,1,1,0,287,220,0,220,63,10,0,3,0,1,0,0,4,0,0,0,0,0,0,26,2,7,38,0,0,0,0,54,0,0,0,0,0,0,0,0,0,2,0,0,0,0,10,
9,4804,מבוא דותן,3569,1,1,0,301,201,0,201,4,26,0,0,0,0,61,0,1,0,0,0,0,0,0,8,1,76,1,0,0,0,0,5,0,0,0,0,0,0,0,0,0,6,0,0,0,5,7,
9,4805,מצפה אילן,1370,1,1,0,273,232,1,231,2,159,2,0,0,0,35,0,0,0,0,0,0,0,0,1,0,21,0,0,0,0,0,2,0,0,0,0,0,0,0,0,0,1,0,0,0,0,8,
9,4808,ריחן,3568,1,1,0,220,174,1,173,18,29,1,0,0,0,9,0,4,0,0,0,0,0,0,12,10,38,5,0,0,0,0,32,0,0,0,0,0,0,0,0,0,2,0,0,0,2,11,
9,4822,חדרה,6500,24.1,17,0,359,233,1,232,9,12,5,0,0,0,14,0,0,0,0,0,0,0,0,11,7,110,2,0,0,0,0,13,0,0,0,0,0,0,0,0,0,1,0,0,0,36,12,
9,4847,חדרה,6500,59.3,44,0,626,363,1,362,13,13,1,0,0,0,3,0,6,0,0,0,0,0,0,17,88,112,4,0,1,0,0,56,0,0,0,0,0,0,0,0,0,1,0,0,0,15,32,
11,5688,ראש העין,2640,14.2,81,0,342,238,1,237,11,16,11,0,0,0,23,0,4,0,0,0,0,0,0,13,3,92,6,0,0,0,0,21,0,0,0,0,0,0,0,0,0,2,0,0,0,22,13,
11,5719,ראש העין,2640,47,62,0,473,304,0,304,32,20,0,0,0,0,4,0,2,0,0,0,0,0,0,54,14,51,14,0,0,0,0,85,0,0,1,0,0,0,0,0,0,2,0,0,0,2,23,
11,5722,ראש העין,2640,51.1,12,0,503,345,0,345,3,19,11,0,0,0,42,1,1,0,0,0,0,0,0,16,0,168,1,0,0,0,0,10,0,0,0,0,0,0,0,0,0,1,0,0,0,59,13,
11,5723,ראש העין,2640,51.2,12,0,503,355,0,355,0,21,13,0,0,0,29,0,2,0,0,0,0,0,0,15,2,182,0,0,0,0,0,14,0,0,0,0,0,0,0,0,0,3,0,0,0,58,16,
11,5873,פתח תקווה,7900,74.1,48,0,581,358,2,356,14,23,7,1,0,1,7,0,4,0,0,0,0,0,0,31,29,106,10,0,0,0,0,78,0,0,0,0,0,0,0,0,0,2,0,0,0,22,21,
11,5889,פתח תקווה,7900,94.2,37,0,397,201,1,200,8,19,2,1,0,0,4,0,4,0,0,0,0,0,0,8,12,87,6,0,0,0,1,23,0,0,0,0,0,0,0,0,0,1,0,0,0,9,15,
11,5893,פתח תקווה,7900,101,67,0,484,376,1,375,17,59,15,3,0,0,55,0,6,0,0,0,0,0,0,20,10,72,9,0,0,0,0,78,0,0,0,0,0,0,0,0,0,1,0,0,0,10,20,
11,5954,פתח תקווה,7900,275.5,54,0,528,358,2,356,21,34,2,0,0,0,15,0,1,0,0,0,0,0,1,37,21,95,17,0,0,0,0,77,0,0,0,0,0,0,0,0,0,0,0,0,0,10,25,
11,5957,פתח תקווה,7900,286.3,121,0,456,375,0,375,16,70,3,0,0,0,24,0,1,0,0,0,0,0,0,35,9,99,21,0,0,0,0,71,0,0,0,0,0,0,0,0,0,2,0,0,0,5,19,
11,5959,פתח תקווה,7900,300.2,122,0,369,299,2,297,9,68,11,1,0,0,43,0,2,0,0,0,0,0,0,22,6,61,2,0,0,0,0,47,0,0,0,0,0,0,0,0,0,2,0,0,0,5,18,
11,5962,פתח תקווה,7900,310.3,123,0,515,419,0,419,17,94,7,0,0,0,57,0,8,0,0,0,0,0,0,40,8,90,5,0,0,0,0,63,0,0,0,0,0,0,0,0,0,0,0,0,0,10,20,
11,5985,פתח תקווה,7900,9.2,100,0,553,261,0,261,10,13,0,0,0,0,7,0,4,0,0,0,0,0,0,10,64,85,1,0,0,0,0,33,0,0,0,0,0,0,0,0,0,0,0,0,0,23,11,
11,6000,פתח תקווה,7900,100.2,17,0,532,310,3,307,16,17,0,0,0,0,10,0,5,0,0,0,0,0,0,26,20,110,9,0,0,0,0,64,0,0,0,0,0,0,0,0,0,1,0,0,0,6,23,
11,6006,פתח תקווה,7900,128.1,26,0,611,303,1,302,18,16,24,0,0,0,15,0,2,0,0,0,0,0,0,13,26,101,9,0,0,0,0,42,0,0,0,0,0,0,0,0,0,1,1,0,0,22,12,
11,6020,פתח תקווה,7900,173.1,36,0,538,346,1,345,11,18,72,0,0,0,16,0,3,1,0,0,0,0,0,12,28,62,11,0,0,0,0,39,0,0,0,0,1,0,0,0,0,2,0,0,0,60,9,
11,6041,פתח תקווה,7900,240.5,137,0,549,318,1,317,17,27,8,0,0,0,27,0,7,0,0,0,0,0,0,13,41,89,3,0,0,0,0,52,0,0,0,0,0,0,0,0,0,0,0,0,0,13,20,
11,6046,פתח תקווה,7900,245.3,55,0,543,427,3,424,30,21,0,0,0,0,4,0,4,0,0,0,0,0,0,50,17,106,17,0,0,0,0,134,0,0,0,0,0,0,0,0,0,2,0,0,0,6,33,
11,6102,גת רימון,128,1,1,0,205,157,0,157,20,8,0,0,0,0,4,0,4,0,0,0,0,0,0,22,6,31,13,0,0,0,0,42,0,0,0,0,0,0,0,0,0,1,0,0,0,0,6,
11,6105,כפר סירקין,249,1,1,0,525,411,2,409,66,17,0,0,0,0,4,0,2,0,0,0,0,0,0,110,20,36,33,0,0,0,0,103,0,0,0,0,0,0,0,0,0,1,0,0,0,2,15,
11,6109,מזור,606,2.1,1,0,415,319,1,318,48,15,0,1,0,1,1,0,1,0,0,0,0,0,0,50,8,30,28,0,0,0,0,115,0,0,0,0,0,0,0,0,0,0,0,0,0,0,20,
11,6112,מעש,230,1.2,1,0,334,256,1,255,37,13,3,0,0,0,10,0,6,0,0,0,0,0,0,37,11,45,14,0,0,0,0,72,0,0,0,0,0,0,0,0,0,1,0,0,0,0,6,
12,6263,רמלה,8500,25,13,0,544,327,2,325,6,16,1,0,0,0,17,0,7,0,0,0,0,0,0,4,3,186,2,0,0,0,1,15,0,0,0,0,0,0,0,0,0,3,0,0,0,52,12,
12,6266,רמלה,8500,29,17,0,454,230,5,225,10,0,0,92,0,0,2,0,0,0,0,0,0,0,0,4,0,27,10,0,0,0,74,4,0,0,0,0,0,0,0,0,0,0,0,0,0,1,1,
12,6292,רמלה,8500,51.1,37,0,462,169,4,165,2,0,0,27,0,0,0,0,0,0,0,0,0,0,0,2,0,25,0,0,0,0,105,1,1,0,0,0,1,0,0,0,0,0,0,0,0,1,0,
12,6293,רמלה,8500,51.2,37,0,462,128,0,128,1,0,0,20,0,0,0,0,0,0,0,0,0,0,0,4,0,10,7,0,0,0,85,1,0,0,0,0,0,0,0,0,0,0,0,0,0,0,0,
12,6294,רמלה,8500,51.3,37,0,460,125,3,122,2,0,0,33,0,0,1,0,0,1,0,0,0,0,0,0,0,19,4,0,0,0,61,1,0,0,0,0,0,0,0,0,0,0,0,0,0,0,0,
12,6295,רמלה,8500,52.1,38,0,369,109,1,108,1,0,0,51,1,0,0,0,0,0,0,1,0,0,1,0,0,10,3,0,0,0,39,0,0,0,0,0,0,0,1,0,0,0,0,0,0,0,0,
12,6296,רמלה,8500,52.2,38,0,369,148,2,146,1,1,0,51,0,0,0,0,0,0,0,0,0,0,0,0,0,15,5,0,1,0,70,0,0,0,0,0,1,0,0,0,0,0,0,1,0,0,0,
12,6323,רמלה,8500,75,6,0,601,411,2,409,9,12,0,8,1,0,20,0,0,0,0,0,0,0,1,11,9,240,11,0,0,0,0,26,0,0,0,0,0,0,0,0,0,2,1,0,0,42,16,
12,6338,לוד,7000,2.1,14,0,479,120,3,117,0,0,0,49,0,0,0,0,0,0,0,0,0,0,1,0,0,5,4,0,0,0,57,0,0,0,0,0,0,0,0,0,0,0,0,0,1,0,0,
12,6341,לוד,7000,5,15,0,622,258,6,252,3,0,0,131,0,0,1,0,0,0,0,0,0,0,0,0,0,15,3,0,0,0,95,3,0,0,0,0,0,0,0,1,0,0,0,0,0,0,0,
12,6342,לוד,7000,8,15,0,497,204,4,200,0,0,0,115,0,0,0,0,0,0,0,0,0,0,0,1,0,5,3,0,0,0,72,2,0,0,0,0,0,1,0,0,0,0,0,0,0,1,0,
12,6361,לוד,7000,18.2,18,0,591,213,6,207,0,3,0,108,0,0,6,0,0,0,0,0,0,0,1,0,2,22,3,1,0,0,57,1,0,0,0,0,0,0,0,0,0,0,0,0,0,3,0,
12,6386,לוד,7000,39,17,0,505,212,0,212,2,10,3,13,0,0,18,0,4,0,0,0,0,1,1,7,8,102,2,0,0,0,6,7,0,0,0,0,0,0,0,0,0,0,1,0,0,18,9,
12,6427,לוד,7000,77.5,30,0,622,353,1,352,7,17,0,0,0,0,6,0,6,0,0,0,0,0,0,4,111,98,4,0,0,0,0,55,0,0,0,0,0,1,0,0,0,2,0,0,0,11,30,
12,6574,מודיעיןמכביםרעות,1200,91.2,106,0,515,403,1,402,17,109,0,0,0,0,66,0,2,0,0,0,0,0,0,25,5,74,8,0,0,0,0,64,0,0,0,0,0,0,0,0,0,1,0,0,0,5,26,
12,6644,גזר,370,1,1,0,388,209,0,209,54,2,0,4,0,0,0,0,2,0,0,0,0,0,0,15,4,21,38,0,0,0,0,63,0,0,0,0,0,0,0,0,0,2,0,0,0,0,4,
12,6676,כרמי יוסף,1264,2,4,0,473,362,0,362,52,11,0,0,0,0,4,0,0,0,0,0,0,0,0,78,11,50,49,0,0,0,0,93,0,0,0,0,0,0,0,0,0,0,0,0,0,0,14,
12,6717,כפר רות,1166,1,1,0,191,157,1,156,18,12,0,0,0,2,9,0,2,0,0,0,0,0,0,30,2,23,7,1,0,0,0,36,0,0,0,0,0,0,0,0,0,2,0,0,0,2,10,
12,6721,מבוא מודיעים,1141,1,1,0,177,95,0,95,6,18,10,0,0,0,20,0,2,0,0,0,0,0,0,1,1,10,1,0,0,0,0,4,0,0,0,0,0,0,0,0,0,8,0,0,0,7,7,
12,6763,מודיעין עילית,3797,48.1,21,0,418,360,4,356,0,1,277,0,0,0,7,0,0,0,0,0,0,0,0,0,0,0,0,0,0,0,0,0,1,0,0,0,0,0,0,0,0,0,0,0,0,70,0,
16,9387,מקווה ישראל,22,1,1,0,160,115,0,115,14,8,0,0,0,0,3,0,1,0,0,0,0,0,0,8,8,26,9,0,0,0,0,32,0,0,0,0,0,0,0,0,0,0,0,0,0,1,5,
17,9723,אשקלון,7100,1,46,0,590,187,0,187,2,12,1,1,0,0,15,0,1,0,0,0,0,0,0,7,39,77,1,0,0,0,0,9,0,0,0,0,0,0,0,0,0,0,0,0,0,17,5,
17,9738,אשקלון,7100,7,70,0,493,273,0,273,4,8,0,0,0,0,22,0,0,0,0,0,0,0,0,4,19,149,0,0,0,0,0,9,0,0,0,0,0,0,0,0,0,9,0,0,0,42,7,
17,9752,אשקלון,7100,21,11,0,633,406,5,401,4,17,2,0,0,0,34,0,1,0,0,0,0,0,1,5,13,191,2,0,0,0,0,5,0,0,0,0,0,0,0,0,0,2,0,0,0,103,21,
17,9767,אשקלון,7100,37.2,85,0,608,209,2,207,3,11,1,0,0,0,8,0,4,0,0,0,0,0,0,3,72,68,0,0,0,0,0,12,0,0,0,0,0,0,0,0,0,1,0,0,0,17,7,
17,9782,אשקלון,7100,44.2,32,0,647,275,0,275,13,14,0,1,0,0,6,0,1,0,0,0,0,0,0,10,46,117,2,0,0,0,1,28,0,0,0,0,0,0,0,0,0,0,0,0,0,12,24,
17,9816,אשקלון,7100,72.3,44,0,503,322,2,320,20,23,0,0,0,0,13,0,1,0,0,0,1,0,0,18,13,137,3,0,0,0,0,40,0,0,0,0,0,0,0,0,0,2,1,0,0,27,21,
17,9817,אשקלון,7100,72.4,44,0,502,269,3,266,8,14,2,0,0,0,15,0,2,0,0,0,0,0,0,24,19,91,7,0,0,0,0,55,1,0,0,0,0,0,0,0,0,2,0,0,0,12,14,
17,9820,אשקלון,7100,80,15,0,604,299,2,297,1,9,6,0,0,0,5,0,3,0,0,0,0,0,1,10,56,101,2,0,0,0,0,28,0,1,0,0,0,0,0,0,0,2,1,0,0,61,10,
17,9826,אשקלון,7100,85,64,0,559,220,0,220,3,5,1,3,0,0,5,0,1,0,0,0,0,0,0,2,53,93,3,0,0,0,0,13,0,0,1,0,0,1,0,1,0,4,0,0,0,22,9,
17,9835,אשקלון,7100,94,6,0,614,315,1,314,2,5,2,0,0,0,4,0,0,0,0,0,0,0,0,4,128,84,2,0,2,0,0,42,0,0,0,0,0,0,0,0,0,1,0,0,0,2,36,
17,9838,אשקלון,7100,101.2,35,0,580,383,1,382,7,30,6,0,0,0,23,0,3,0,0,0,0,0,0,17,48,147,6,0,0,0,0,48,0,0,0,0,0,0,0,0,1,2,0,1,0,20,23,
17,9847,אשקלון,7100,105.2,98,0,576,305,4,301,3,26,3,0,0,0,8,0,1,0,0,0,0,0,0,11,75,106,3,0,0,0,0,33,0,0,0,0,0,0,0,0,0,1,0,0,0,13,18,
17,9850,אשקלון,7100,105.5,98,0,573,293,1,292,1,10,3,1,0,0,4,0,4,0,0,1,0,0,0,7,95,89,0,0,0,0,0,30,0,0,0,0,0,0,0,0,0,2,0,0,0,18,27,
17,9868,אשקלון,7100,130.2,66,0,475,216,2,214,8,9,3,2,0,0,2,0,2,0,0,0,1,0,0,12,51,92,2,0,0,0,0,15,0,0,0,0,0,0,0,0,0,0,0,0,0,6,9,
17,9870,אשקלון,7100,131.2,99,0,364,196,1,195,2,5,2,0,0,0,11,0,0,0,0,0,0,0,0,4,38,95,1,0,0,0,0,18,0,0,0,0,0,0,0,0,0,0,0,0,0,4,15,
17,9872,אשקלון,7100,133,81,0,692,415,0,415,10,28,2,0,0,0,13,0,3,0,0,0,0,0,0,18,57,167,10,0,0,0,0,48,0,0,0,0,0,0,0,0,0,0,0,0,0,40,19,
17,9875,אשקלון,7100,139.3,22,0,632,395,0,395,6,28,2,0,0,0,16,0,2,0,0,0,0,0,0,14,108,131,0,0,0,0,0,30,1,0,0,0,0,0,0,0,0,1,0,0,0,26,30,
17,9892,אשקלון,7100,160,89,0,608,413,4,409,1,36,1,0,0,0,26,0,1,0,0,0,0,0,0,25,62,170,3,0,0,0,0,30,0,0,0,0,0,0,0,0,0,1,0,0,0,36,17,
17,9896,אשקלון,7100,161.4,82,0,612,440,3,437,9,37,1,0,0,0,29,0,3,0,0,0,0,0,0,23,30,187,3,0,0,0,0,49,0,0,0,0,0,0,0,0,0,3,0,0,0,38,25,
17,9931,אשדוד,70,2.5,75,0,626,270,2,268,10,16,2,0,0,0,8,0,1,0,0,0,0,0,0,14,53,65,7,0,0,0,0,46,0,0,0,0,0,0,0,0,0,2,1,0,0,30,13,
17,9936,אשדוד,70,11,6,0,532,259,4,255,7,6,1,0,0,0,5,0,1,0,0,0,0,0,2,5,85,75,1,1,0,0,0,21,0,0,0,0,0,0,0,0,0,4,0,0,0,22,19,
17,9940,אשדוד,70,15,71,0,500,249,1,248,3,5,4,0,0,0,12,0,1,0,0,0,0,0,0,3,42,99,4,0,0,0,0,19,0,0,0,0,0,0,0,0,0,2,0,0,0,42,12,
17,9953,אשדוד,70,25.2,24,0,593,292,4,288,5,3,71,0,0,0,7,0,4,0,0,0,0,0,0,10,30,70,2,0,0,0,0,18,0,0,0,0,0,0,0,0,0,1,0,0,0,62,5,
17,9977,אשדוד,70,49,18,0,640,357,1,356,4,15,13,0,0,0,7,0,0,0,0,0,0,0,0,22,74,120,0,0,0,0,0,28,0,0,0,0,0,1,0,0,0,1,0,0,0,58,13,
17,10002,אשדוד,70,71,18,0,468,251,2,249,1,9,36,0,0,0,13,0,1,0,0,0,0,0,0,16,29,86,2,0,0,0,0,10,0,0,0,0,0,0,0,0,0,1,0,0,0,42,3,
17,10039,אשדוד,70,114.2,63,0,576,342,2,340,7,25,1,0,1,0,12,0,4,0,0,0,0,0,0,24,35,140,4,0,0,0,1,42,0,0,0,0,0,0,0,0,0,0,0,0,0,31,13,
17,10040,אשדוד,70,114.3,63,0,576,331,0,331,11,32,0,0,0,0,8,0,2,0,0,0,0,0,0,30,29,126,2,0,0,0,0,46,0,0,0,0,0,0,0,0,0,0,0,0,0,27,18,
17,10061,אשדוד,70,134.1,44,0,580,356,3,353,4,22,0,0,0,0,7,0,3,0,0,0,0,0,0,2,106,106,2,0,0,0,0,65,0,0,0,0,0,0,0,0,0,1,0,0,0,13,22,
17,10075,אשדוד,70,147.3,42,0,494,317,1,316,11,13,2,1,0,0,3,0,0,0,0,0,0,0,0,6,80,100,1,0,0,0,0,69,0,0,0,0,0,0,0,0,0,1,0,0,0,10,19,
17,10076,אשדוד,70,147.4,42,0,494,305,1,304,3,20,0,0,0,0,6,0,5,0,0,0,0,0,0,1,106,69,0,1,0,0,0,62,0,0,0,0,0,0,0,0,0,1,0,0,0,8,22,
17,10092,אשדוד,70,160.3,55,0,496,248,2,246,3,4,19,0,0,0,2,0,0,0,0,0,0,0,0,11,73,59,6,0,0,0,0,24,0,0,0,0,0,0,0,0,0,1,0,0,0,34,10,
17,10116,אשדוד,70,203.2,64,0,579,388,0,388,15,33,4,0,0,0,15,0,5,0,0,0,0,0,0,37,22,145,5,0,0,0,0,54,0,0,0,0,0,0,0,0,0,0,0,0,0,28,25,
17,10234,אשדוד,70,296.6,54,0,486,439,2,437,0,0,362,0,0,0,5,0,0,0,0,0,0,0,0,0,0,1,0,0,0,0,0,0,0,0,0,0,0,0,0,0,0,0,0,0,0,69,0,
17,10243,אשדוד,70,990.1,49,0,449,111,1,110,0,2,2,0,0,0,2,0,0,0,0,0,0,0,0,6,15,55,1,0,0,0,0,6,0,0,1,0,0,0,0,0,0,0,0,0,0,17,3,
17,10249,קרית גת,2630,5,12,0,589,320,0,320,0,6,11,0,0,0,14,0,0,0,0,0,0,0,0,7,87,121,3,0,1,0,1,10,0,0,0,0,0,0,0,0,0,0,0,0,0,51,8,
17,10257,קרית גת,2630,12.3,2,0,632,391,4,387,6,18,3,0,0,0,35,0,0,0,0,0,0,0,1,17,26,149,2,0,0,0,0,34,0,0,0,0,0,0,0,2,0,1,0,0,0,56,37,
17,10278,קרית גת,2630,35,3,0,499,316,0,316,20,18,9,0,0,0,29,0,2,0,0,0,0,0,0,24,13,102,6,0,0,0,0,33,0,0,0,0,0,0,0,0,0,0,0,0,0,42,18,
17,10281,קרית גת,2630,38,11,0,454,247,8,239,5,8,1,0,0,0,9,0,0,0,0,0,0,0,2,20,27,111,1,0,0,0,0,17,1,0,0,0,0,0,0,1,0,1,0,0,0,27,8,
17,10287,קרית גת,2630,44,4,0,425,273,0,273,3,10,1,0,0,0,12,0,0,0,0,0,0,0,0,15,28,127,2,0,0,0,0,26,0,0,0,0,0,0,0,0,0,0,1,0,0,34,14,
17,10291,קרית גת,2630,47.3,28,0,558,368,1,367,7,34,0,0,0,0,22,0,8,0,0,0,0,0,0,26,19,158,3,0,0,0,0,37,0,0,0,0,0,0,0,0,0,2,0,0,0,27,24,
17,10292,קרית גת,2630,47.4,36,0,557,385,2,383,10,35,1,1,0,0,26,0,5,0,0,0,0,0,0,20,34,143,4,0,0,0,0,35,0,0,0,0,0,0,0,1,0,0,0,0,0,43,25,
17,10309,קרית גת,2630,65,34,0,590,281,1,280,1,2,79,0,0,0,21,1,0,0,0,0,0,0,0,2,26,38,0,0,0,0,0,11,0,0,0,0,0,0,0,0,0,4,0,0,0,95,0,
17,10315,קרית גת,2630,70.2,23,0,555,364,1,363,6,26,2,0,0,0,20,1,3,0,0,0,0,0,0,30,38,133,2,0,0,0,0,33,0,0,0,0,0,0,0,0,0,0,0,0,0,37,32,
17,10316,קרית גת,2630,70.3,23,0,555,350,3,347,5,23,0,0,0,0,25,0,4,0,0,0,0,1,0,14,41,154,2,0,0,0,0,22,0,0,0,0,0,0,0,0,0,0,0,0,0,35,21,
17,10319,קרית גת,2630,71,13,0,460,248,3,245,4,9,1,0,0,0,3,2,0,0,0,0,0,0,0,9,75,85,1,0,0,0,0,17,0,0,0,0,0,0,0,0,0,0,0,0,0,14,25,
17,10327,איתן,37,1,1,0,366,270,0,270,2,27,0,0,0,0,61,0,0,0,0,0,0,0,0,4,1,126,0,0,0,0,0,3,0,0,0,0,0,0,0,0,0,1,0,0,0,42,3,
17,10330,אמציה,23,1,1,0,158,103,0,103,8,21,0,0,0,1,24,0,1,0,0,0,0,0,0,5,1,22,1,0,0,0,0,12,0,0,0,0,0,0,0,0,0,0,0,0,0,1,6,
17,10331,בית גוברין,619,1,1,0,292,225,1,224,69,2,0,0,0,0,2,0,3,0,0,0,0,0,0,29,5,8,30,0,0,0,0,67,0,0,0,0,0,0,0,0,0,1,0,0,0,0,8,
17,10346,מנוחה,2030,1,1,0,446,339,0,339,8,36,0,0,0,0,46,0,2,0,0,0,0,0,0,17,0,170,3,0,0,0,0,11,0,0,0,0,0,0,0,0,0,0,0,0,0,43,3,
17,10356,נועם,15,1,1,0,322,217,0,217,2,15,1,0,0,0,23,0,0,0,0,0,0,0,0,1,1,124,0,0,0,0,0,6,0,0,0,0,0,0,0,0,0,0,0,0,0,40,4,
17,10358,נטע,1369,1,1,0,279,246,0,246,1,79,0,0,0,0,152,0,0,0,0,0,0,0,0,0,0,7,0,0,0,0,0,0,0,0,0,0,0,0,0,0,0,0,0,0,0,2,5,
17,10361,עוזה,826,1,1,0,362,260,0,260,1,10,6,0,0,0,44,0,1,0,0,0,0,0,0,6,0,110,0,0,0,0,0,2,0,0,0,0,0,0,0,0,0,0,1,0,0,76,3,
17,10364,קוממיות,766,1,3,0,252,155,0,155,0,0,146,0,0,0,4,0,0,0,0,0,0,0,0,0,0,1,0,0,0,0,0,0,0,0,0,0,0,0,0,0,0,0,0,0,0,4,0,
17,10373,שקף,1233,1,1,0,301,252,0,252,48,20,0,0,0,1,3,0,1,0,0,0,0,0,0,61,5,29,31,0,0,0,0,34,0,0,0,0,0,0,0,0,0,1,0,0,0,1,17,
17,10382,קרית מלאכי,1034,5,5,0,538,279,3,276,5,24,4,0,0,0,12,0,4,0,0,0,0,0,1,15,9,119,2,1,0,0,0,13,0,0,0,0,0,0,0,0,0,0,0,0,0,58,9,
17,10384,קרית מלאכי,1034,6.2,7,0,543,352,0,352,3,27,18,0,0,0,62,0,3,0,0,0,0,0,1,24,1,143,0,0,0,0,0,3,0,1,0,0,0,0,0,0,0,0,0,0,0,58,8,
17,10405,שדרות,1031,1.1,20,0,379,265,0,265,10,42,0,2,0,0,29,0,1,0,0,0,0,0,0,10,2,112,13,0,0,0,0,9,0,0,0,0,0,0,0,0,0,0,1,0,0,26,8,
17,10406,שדרות,1031,1.2,20,0,379,253,0,253,12,40,3,2,0,0,27,0,1,0,0,0,0,0,0,14,11,86,10,0,0,0,0,20,0,0,0,0,1,0,0,0,0,2,0,0,0,17,7,
17,10411,שדרות,1031,4.2,5,0,372,237,0,237,1,34,9,0,0,0,17,0,4,0,0,0,0,0,0,14,7,100,1,0,0,0,0,13,0,0,0,0,0,0,0,0,0,0,0,0,0,33,4,
17,10414,שדרות,1031,6.1,7,0,351,204,1,203,2,23,1,0,0,0,32,0,0,0,0,0,0,0,0,5,6,101,0,0,0,0,0,7,0,0,0,0,0,0,0,0,0,1,0,0,0,23,2,
17,10416,שדרות,1031,7.1,12,0,606,352,3,349,8,42,0,2,0,0,14,0,0,0,0,0,0,0,0,12,29,163,5,0,0,0,0,7,0,0,0,0,0,0,0,0,0,5,0,0,0,48,14,
17,10424,שדרות,1031,20,9,0,582,248,4,244,9,20,4,1,1,0,18,1,2,0,0,0,0,0,0,12,28,89,4,3,0,0,1,8,0,0,0,0,0,0,0,0,1,0,0,0,0,31,11,
17,10431,שדרות,1031,21.7,16,0,564,330,3,327,5,40,3,1,0,0,8,1,4,0,0,0,0,0,0,4,51,127,5,2,0,0,0,19,0,0,0,0,0,0,0,0,0,3,0,0,0,42,12,
17,10438,שדרות,1031,26.3,11,0,507,377,0,377,4,67,0,0,0,0,52,0,4,0,0,0,0,0,0,11,12,160,1,0,0,0,0,14,0,0,0,0,0,0,0,0,0,1,0,0,0,44,7,
17,10439,שדרות,1031,26.4,11,0,504,354,7,347,3,74,0,0,0,0,79,0,1,0,0,0,0,0,0,4,20,111,4,0,0,0,1,15,0,0,0,0,0,0,0,0,0,1,0,0,0,26,8,
17,10444,שדרות,1031,32,22,0,630,436,2,434,16,60,2,0,0,0,67,0,1,0,0,0,0,0,0,8,24,165,2,0,0,0,0,17,0,0,0,0,0,0,0,0,0,0,0,0,0,50,22,
17,10449,אחווה,1157,1,1,0,183,145,0,145,14,4,0,0,0,0,4,0,0,0,0,0,0,0,0,36,3,27,10,0,0,0,0,37,0,0,0,0,0,0,0,0,0,0,0,0,0,2,8,
17,10450,איבים,338,1,1,0,138,40,0,40,0,4,0,0,0,1,10,0,0,0,0,0,0,0,0,5,0,17,0,0,0,1,0,0,0,0,0,0,0,0,0,1,0,0,0,0,0,1,0,
17,10469,גבעתי,793,1.1,1,0,333,232,1,231,4,23,0,0,0,0,9,0,3,0,0,0,0,0,0,24,2,120,2,0,0,0,0,10,0,0,0,0,0,0,0,0,0,0,0,0,0,19,15,
17,10470,גבעתי,793,1.2,2,0,332,225,1,224,3,15,1,0,0,1,11,0,0,0,0,0,0,0,0,25,4,117,2,0,0,0,0,14,0,0,0,0,0,0,0,0,0,1,0,0,0,17,13,
17,10485,ינון,2011,1,1,0,446,308,2,306,7,14,7,51,0,0,22,0,6,0,0,0,0,0,1,17,1,129,5,0,0,0,3,5,0,0,0,0,0,0,0,0,0,1,0,0,0,28,9,
17,10492,כפר סילבר,107,1,2,0,86,36,0,36,1,3,0,0,0,0,2,0,0,0,0,0,0,0,0,6,4,8,2,0,0,0,0,9,0,0,0,0,0,0,0,0,0,0,0,0,0,0,1,
17,10496,מבקיעים,573,1,1,0,370,266,1,265,13,29,1,1,0,0,7,0,6,0,0,0,0,0,0,18,3,102,6,0,0,0,0,42,0,0,0,0,0,0,0,0,0,0,0,0,0,16,21,
17,10497,מחנה מרים,1414,1,1,0,107,68,0,68,11,8,0,0,0,0,3,0,0,0,0,0,0,0,0,16,1,8,1,0,0,0,0,18,0,0,0,0,0,0,0,0,0,0,0,0,0,1,1,
17,10499,מפלסים,668,1.2,2,0,349,234,1,233,53,11,0,0,0,0,1,0,5,0,0,0,0,0,0,53,9,9,19,0,0,0,0,66,0,0,0,0,0,0,0,0,0,0,0,0,0,0,7,
17,10503,נחל עוז,844,1,1,0,350,236,0,236,80,14,0,0,0,0,0,0,5,0,0,0,0,0,1,42,4,15,17,0,0,0,0,49,0,0,0,0,0,0,0,0,0,1,0,0,0,0,8,
17,10507,ניצן ב,1419,1,3,0,276,164,0,164,1,19,1,0,0,1,36,0,0,0,0,0,0,0,0,1,0,73,0,0,0,0,0,9,0,0,0,0,0,0,0,0,0,2,0,0,0,16,5,
18,10539,דימונה,2200,14,4,0,456,229,2,227,6,12,3,0,0,0,21,0,2,0,0,0,0,0,0,7,6,106,2,0,0,0,0,13,0,0,0,0,0,0,0,0,0,1,0,0,0,42,6,
18,10540,דימונה,2200,15,6,0,500,186,0,186,1,5,4,0,0,0,4,0,0,0,0,0,0,0,0,3,25,104,0,0,0,0,0,15,0,0,0,0,0,0,0,0,0,1,0,0,0,17,7,
18,10548,דימונה,2200,22,14,0,543,221,4,217,3,6,3,0,0,0,5,0,2,0,0,0,0,0,0,3,35,106,0,1,0,0,0,15,0,0,0,0,0,0,0,0,0,0,1,0,0,30,7,
18,10549,דימונה,2200,23,6,0,504,197,2,195,3,7,1,0,0,0,4,0,0,0,0,0,0,0,0,4,34,93,1,0,0,0,1,16,0,0,0,0,0,0,0,0,0,0,0,0,0,27,4,
18,10563,דימונה,2200,40.1,72,0,386,277,1,276,0,12,0,0,0,0,14,0,0,0,0,0,0,0,0,12,0,178,0,0,0,0,0,19,0,0,0,0,0,0,0,0,0,0,0,0,0,25,16,
18,10567,דימונה,2200,42,75,0,432,296,0,296,8,21,0,0,0,0,15,0,1,0,0,0,0,0,0,12,5,188,2,0,0,0,0,18,0,0,0,0,0,0,0,0,0,1,0,0,0,12,13,
18,10570,דימונה,2200,44.1,17,0,497,348,1,347,6,24,1,0,0,0,14,0,0,0,0,0,0,0,0,2,1,246,0,0,0,0,0,21,0,0,0,0,0,0,0,0,0,0,0,0,0,20,12,
18,10583,דימונה,2200,66.3,22,0,554,308,5,303,3,27,8,0,0,0,15,0,1,0,0,0,0,0,0,2,27,156,0,0,0,0,1,12,0,0,0,0,0,0,0,1,0,2,0,0,0,41,7,
18,10586,דימונה,2200,91,74,0,204,163,0,163,13,33,0,0,0,0,6,0,0,0,0,0,0,0,0,22,3,28,8,0,0,0,0,41,0,0,0,0,0,0,0,0,0,0,0,0,0,1,8,
18,10627,ערד,2560,4.2,5,0,461,278,2,276,7,5,83,0,0,0,7,0,2,0,0,0,0,0,0,10,56,48,2,0,0,0,0,41,0,0,0,0,0,0,0,0,0,1,0,0,0,5,9,
18,10629,ערד,2560,7,9,0,451,209,0,209,3,6,75,1,0,1,3,0,1,0,0,0,0,0,0,5,54,24,2,0,0,0,1,20,0,0,0,0,0,0,0,0,0,5,0,2,0,3,3,
18,10663,ערד,2560,34,19,0,392,123,0,123,6,6,0,0,0,0,7,2,3,0,0,0,0,0,0,1,36,29,1,0,0,0,0,20,0,0,0,0,0,0,0,0,0,0,0,0,0,2,10,
18,10664,הר עמשא,1261,1,1,0,120,89,0,89,20,0,0,0,0,0,2,0,1,0,0,2,0,0,0,10,2,8,17,0,0,0,0,13,0,0,0,0,0,0,0,0,0,6,0,0,0,0,8,
18,10665,כרמל,3656,1,1,0,277,227,0,227,0,52,2,0,0,0,152,0,0,0,0,0,0,0,0,0,1,20,0,0,0,0,0,0,0,0,0,0,0,0,0,0,0,0,0,0,0,0,0,
18,10666,מעון,3657,1,1,0,300,206,0,206,0,29,0,0,0,0,165,0,0,0,0,0,0,0,0,0,0,7,0,0,0,0,0,1,0,0,0,0,0,0,0,0,0,3,0,0,0,0,1,
18,10674,גבעולים,2014,1,1,0,308,237,0,237,2,9,1,0,0,0,11,0,0,0,0,0,0,0,0,3,0,165,0,0,0,0,0,3,0,0,0,1,0,0,0,0,0,2,0,0,0,26,14,
18,10676,זרועה,2064,1,1,0,324,230,1,229,1,10,5,0,0,0,18,0,0,0,0,0,0,0,0,4,1,143,3,0,0,0,0,10,0,0,0,0,0,0,0,0,0,1,0,0,0,31,2,
18,10679,מלילות,2044,1,1,0,281,207,2,205,2,8,2,0,0,0,21,0,1,0,0,0,0,0,0,1,2,139,0,0,0,0,0,5,0,0,0,0,0,0,0,0,0,0,0,0,0,19,5,
18,10687,נתיבות,246,6,1,0,624,373,2,371,5,10,20,0,0,0,33,0,1,0,0,0,0,0,0,3,23,124,2,0,0,0,0,5,0,0,0,0,0,0,0,0,0,0,0,0,0,142,3,
18,10694,נתיבות,246,13.3,31,0,483,211,3,208,1,9,2,0,0,0,11,0,1,0,0,0,0,0,0,4,52,87,0,0,0,0,0,10,0,0,0,0,0,0,0,0,0,1,0,0,0,19,11,
18,10698,נתיבות,246,16,7,0,625,395,3,392,3,15,8,0,0,0,47,0,2,0,0,0,0,0,1,9,17,205,1,0,0,0,0,5,0,0,0,0,0,0,0,1,0,3,1,0,0,74,0,
18,10702,נתיבות,246,20.1,8,0,362,267,2,265,0,7,17,0,0,0,6,0,0,0,0,0,0,0,0,1,35,57,0,0,0,0,0,6,0,0,0,0,0,0,0,0,0,1,0,0,0,133,2,
18,10711,נתיבות,246,24.1,3,0,447,374,2,372,0,5,96,0,0,0,6,0,0,0,0,0,0,0,0,0,0,37,0,0,0,0,0,0,0,0,0,0,0,0,0,0,0,1,0,0,0,227,0,
18,10716,נתיבות,246,25.3,31,0,467,295,0,295,2,15,3,0,0,0,30,0,0,0,0,0,0,0,0,11,29,111,0,0,3,0,0,14,0,0,0,0,0,0,0,0,0,0,0,0,0,65,12,
18,10730,נתיבות,246,41.4,29,0,483,402,3,399,0,6,100,0,0,0,16,0,0,0,0,0,0,0,0,1,16,23,0,0,0,0,0,5,0,0,0,0,0,0,0,0,0,0,0,0,0,232,0,
18,10735,שוקדה,415,1,1,0,285,216,1,215,1,58,0,0,0,0,61,0,0,0,0,0,0,0,0,0,0,59,0,0,0,0,0,0,0,0,0,0,0,0,0,0,0,0,0,0,0,29,7,
18,10736,שיבולים,865,1,2,0,260,190,0,190,2,14,2,0,0,0,31,0,0,0,0,0,0,0,0,8,1,109,0,0,0,0,0,1,0,0,0,0,0,0,0,0,0,1,0,0,0,12,9,
18,10737,שרשרת,398,1,1,0,264,188,0,188,2,17,5,0,0,0,29,0,3,0,0,0,0,0,0,1,0,97,1,0,0,0,0,2,0,0,0,0,0,0,0,0,0,0,0,0,0,22,9,
18,10738,תושיה,1083,1,1,0,337,258,0,258,1,43,2,0,0,0,137,0,1,0,0,0,0,0,0,1,0,60,2,0,0,0,0,1,0,0,0,0,0,0,0,0,0,0,0,0,0,9,1,
18,10747,אופקים,31,6.3,20,0,567,251,4,247,4,4,2,0,0,0,19,0,4,0,0,0,0,0,0,8,40,119,0,0,0,0,0,11,0,0,0,0,0,0,0,1,0,0,0,0,0,26,9,
18,10748,אופקים,31,7,1,0,616,258,2,256,3,12,6,0,0,0,19,0,2,0,0,0,0,0,0,9,23,127,2,0,0,0,0,13,0,0,0,0,0,0,0,0,0,3,0,0,0,34,3,
18,10762,אופקים,31,20.2,18,0,281,235,3,232,0,11,110,0,0,0,10,0,1,0,0,0,0,0,0,2,4,27,0,0,0,0,0,6,0,0,0,0,0,0,0,0,0,1,0,0,0,59,1,
18,10770,אופקים,31,25.1,13,0,545,319,1,318,6,21,5,0,0,0,16,0,4,0,0,0,0,0,0,6,30,155,0,0,0,0,0,11,0,0,0,0,0,0,0,0,0,2,0,0,0,51,11,
18,10784,אשל הנשיא,2021,1,2,0,108,59,0,59,2,6,1,0,0,0,3,0,1,0,0,0,0,0,0,9,1,8,4,0,0,0,0,14,0,0,0,0,0,0,0,0,0,0,0,0,0,0,10,
18,10794,פדויים,750,1,1,0,337,239,1,238,5,28,6,0,0,0,27,0,5,0,0,0,0,0,0,8,4,108,2,0,0,0,0,8,0,0,0,0,0,0,0,0,0,4,0,0,0,19,14,
18,10795,פטיש,749,1.1,1,0,336,260,1,259,4,14,1,0,0,0,18,0,1,0,0,0,0,0,0,13,0,110,1,0,0,0,0,4,0,0,0,0,0,0,0,0,0,0,0,0,0,82,11,
18,10796,פטיש,749,1.2,1,0,335,271,1,270,2,26,3,0,0,0,17,0,0,0,0,0,0,0,0,10,0,131,0,0,0,0,0,5,0,0,0,0,0,0,0,0,0,0,0,0,0,56,20,
18,10798,קלחים,414,1,1,0,373,279,1,278,50,16,0,0,0,0,7,0,1,0,0,0,0,0,0,18,4,84,29,0,0,0,0,30,0,0,0,0,0,0,0,0,0,1,0,0,0,22,16,
18,10800,שדה צבי,2049,1,1,0,427,317,1,316,34,18,1,0,0,0,19,0,6,0,0,0,0,0,0,29,4,116,9,0,0,0,0,33,0,0,0,0,0,0,0,0,0,3,0,0,0,36,8,
18,10801,תאשור,2062,1,1,0,288,191,0,191,22,20,0,1,0,0,2,0,8,0,0,0,0,0,0,21,2,54,14,0,0,0,0,36,0,0,0,0,0,0,0,0,0,0,0,0,0,5,6,
18,10806,באר שבע,9000,1,15,0,455,210,2,208,6,9,1,0,0,0,1,0,3,0,0,0,0,0,0,1,39,100,6,0,0,0,5,14,0,0,0,0,0,0,0,0,0,0,0,0,0,17,6,
18,10807,באר שבע,9000,2,6,0,518,220,2,218,7,11,1,4,0,0,11,0,2,0,0,0,0,1,0,9,26,81,8,0,0,0,0,22,1,0,0,0,0,0,0,0,0,0,0,0,0,20,14,
18,10809,באר שבע,9000,4,15,0,531,243,2,241,13,11,2,1,0,0,14,0,0,0,0,0,0,0,0,9,12,98,4,0,0,0,1,16,0,0,0,0,0,0,0,0,0,0,1,0,0,43,16,
18,10811,באר שבע,9000,6,34,0,604,116,0,116,3,5,2,0,0,0,2,0,1,0,0,0,0,0,0,3,18,49,4,0,0,0,0,10,0,0,0,0,0,0,0,0,0,3,0,0,0,11,5,
18,10812,באר שבע,9000,15,15,0,449,190,3,187,5,9,0,1,0,0,3,0,2,0,0,0,0,0,0,3,33,73,4,0,0,0,4,18,0,0,0,0,0,0,0,1,0,0,0,0,0,25,6,
18,10816,באר שבע,9000,25,15,0,488,205,3,202,4,7,0,9,0,0,8,0,0,0,0,0,0,0,0,3,21,112,3,0,0,0,2,8,0,0,0,0,0,0,1,0,0,0,0,0,0,18,6,
18,10834,באר שבע,9000,160.1,54,0,619,362,0,362,4,31,5,0,0,0,14,0,2,0,0,0,0,15,0,0,30,172,7,0,0,0,0,35,0,0,0,0,0,0,0,0,0,2,0,0,0,36,9,
18,10837,באר שבע,9000,160.4,54,0,619,379,4,375,5,34,1,0,0,0,11,0,2,0,0,0,0,0,0,11,45,178,6,0,0,0,0,28,0,0,0,0,0,0,0,0,0,0,1,0,0,27,26,
18,10841,באר שבע,9000,176,10,0,635,316,4,312,5,12,1,2,0,0,13,0,2,0,0,0,0,0,1,5,78,132,3,1,0,0,0,28,0,0,0,0,0,0,0,0,2,1,0,0,0,8,18,
18,10903,באר שבע,9000,7,41,0,538,165,1,164,8,8,1,1,0,0,8,0,1,0,0,1,0,0,0,3,14,76,2,0,0,0,0,7,0,0,0,0,0,0,0,0,0,1,0,0,0,31,2,
18,10916,באר שבע,9000,37,26,0,630,272,2,270,0,6,7,1,0,0,17,0,0,0,0,0,0,0,0,1,26,133,1,0,0,0,0,13,0,0,0,0,0,0,0,0,0,1,0,0,0,53,11,
18,10918,באר שבע,9000,39,139,0,563,80,1,79,3,2,2,0,0,0,6,0,0,0,0,0,0,0,1,2,14,26,1,0,0,0,1,9,0,0,0,0,0,0,0,0,0,1,0,0,0,10,1,
18,10927,באר שבע,9000,55.3,110,0,599,246,1,245,5,15,4,1,0,0,4,0,0,0,0,0,0,0,0,9,77,90,4,0,0,0,0,12,0,0,0,0,2,0,0,0,0,1,0,0,0,7,14,
18,10939,באר שבע,9000,95,45,0,512,213,2,211,3,10,0,1,0,0,14,0,1,0,0,0,0,0,1,5,27,108,3,0,1,0,1,7,0,0,0,0,0,0,1,0,0,2,0,0,0,23,3,
18,10964,באר שבע,9000,144,28,0,387,137,3,134,1,5,0,2,0,0,5,0,0,0,0,0,0,1,0,7,25,61,0,0,0,0,0,12,0,0,0,0,0,0,0,0,0,1,0,0,0,8,6,
18,10968,באר שבע,9000,156,61,0,568,220,3,217,3,9,5,3,0,0,7,0,0,0,0,1,1,0,0,7,51,89,5,0,0,0,0,24,0,0,0,0,0,0,0,0,0,0,0,0,0,10,2,
18,11027,באר שבע,9000,122.3,37,0,569,314,2,312,16,22,1,5,1,0,5,0,2,0,0,0,0,0,0,10,32,115,6,0,0,0,0,37,0,0,0,0,0,0,0,0,0,1,0,0,0,28,31,
18,11043,באר שבע,9000,137,58,0,309,151,1,150,2,9,2,1,1,0,5,0,0,0,0,0,0,0,0,2,46,56,2,0,0,0,0,10,0,0,0,0,0,0,0,1,0,2,0,0,0,3,8,
18,11083,באר שבע,9000,290,19,0,632,109,1,108,5,7,1,0,0,0,1,0,2,0,0,0,0,0,0,1,22,41,1,1,0,0,3,16,0,0,0,0,0,0,0,0,0,1,0,0,0,6,0,
18,11112,מחנה יפה,1415,1,1,0,230,148,0,148,18,15,0,0,0,0,5,0,2,0,0,0,0,0,0,16,2,32,5,0,0,0,0,37,0,0,0,0,0,0,0,0,0,0,0,0,0,1,15,
18,11182,באר מילכה,1278,1,1,0,101,90,1,89,23,5,0,0,0,0,2,0,1,0,0,0,0,0,0,20,1,12,15,0,0,0,0,8,0,0,0,0,0,0,0,0,0,1,0,0,0,0,1,
18,11184,כמהין,1291,1,1,0,143,95,1,94,23,15,0,0,0,0,3,0,2,0,0,0,0,0,0,12,4,8,11,0,0,0,0,10,0,0,0,0,0,0,0,0,0,0,0,0,0,0,6,
18,11186,ניצנה קהילת חינוך,1195,1,1,0,229,63,1,62,6,6,0,1,0,0,3,0,0,0,0,0,0,0,0,9,10,8,3,0,0,0,3,8,0,0,0,0,0,0,0,0,0,4,0,0,0,0,1,
18,11187,ניצני סיני,1280,1,1,0,214,148,0,148,17,26,0,0,0,0,4,0,2,0,0,0,0,0,0,26,3,21,5,0,0,0,0,28,0,0,0,0,0,0,0,0,0,1,0,0,0,1,14,
18,11190,רתמים,1260,1,1,0,264,224,0,224,15,110,1,0,0,0,35,0,2,0,0,0,0,0,0,22,0,20,1,0,0,0,0,4,0,0,0,0,0,0,0,0,0,0,0,0,0,0,14,
18,11235,אילת,2600,32.3,12,0,572,212,1,211,6,2,0,0,0,0,18,0,0,0,0,0,0,0,0,12,31,82,3,0,0,0,1,22,0,0,0,0,0,0,0,0,0,2,0,0,0,17,15,
18,11281,אליפז,1248,1,1,0,117,69,0,69,12,4,0,0,0,0,0,0,0,0,0,0,0,1,0,11,1,6,6,0,0,0,0,27,0,0,0,0,0,0,0,0,0,0,0,0,0,0,1,
18,11283,גרופית,1129,1,1,0,284,166,0,166,41,3,0,0,0,0,1,0,2,0,0,0,0,0,0,13,6,20,16,0,0,0,0,52,0,0,0,0,0,0,0,0,0,0,0,0,0,0,12,
18,11284,יהל,1158,1,1,0,218,132,1,131,30,5,0,1,0,0,2,0,0,0,0,0,0,0,0,16,11,13,17,0,0,0,0,32,0,0,0,0,0,0,0,0,0,0,0,0,0,0,4,
18,11286,יטבתה,866,1.2,2,0,348,201,0,201,86,3,0,0,0,0,2,0,1,0,0,0,0,0,0,23,5,7,13,0,0,0,0,56,0,0,0,0,0,0,0,0,0,1,0,0,0,0,4,
18,11287,לוטן,1255,1,1,0,166,97,0,97,31,3,0,1,0,1,0,0,1,0,0,0,0,0,0,3,7,5,21,0,0,0,0,22,0,0,0,0,0,0,0,0,0,1,0,0,0,0,1,
18,11289,נאות סמדר,1197,1,1,0,262,160,0,160,55,0,0,2,0,0,0,0,2,0,0,0,0,0,0,20,0,11,41,0,0,0,0,20,1,0,0,0,0,0,0,0,0,1,0,1,0,0,6,
18,11290,סמר,1156,1,1,0,236,142,0,142,44,1,0,0,0,0,0,0,1,0,0,0,0,0,0,9,3,1,63,0,0,0,0,17,0,0,0,0,0,0,0,0,0,2,0,0,0,0,1,
18,11292,שחרות,1266,1,1,0,139,82,0,82,21,0,0,0,1,0,0,0,2,0,0,0,0,0,0,6,3,6,19,0,0,0,0,19,0,0,0,0,0,0,0,0,0,2,0,0,0,0,3,
18,11299,רהט,1161,8.2,1,0,613,297,6,291,0,0,0,75,0,0,0,0,0,0,0,0,0,0,0,0,0,11,0,0,0,1,195,0,1,0,0,1,0,0,0,0,0,0,0,2,0,1,4,
18,11308,רהט,1161,18.3,13,0,464,251,0,251,1,0,0,43,0,0,0,0,0,0,0,0,0,0,0,0,1,8,2,0,1,0,191,1,0,0,0,0,0,0,0,2,0,0,0,0,0,0,1,
18,11336,רהט,1161,37.1,18,0,466,222,1,221,0,0,0,90,0,0,0,0,0,0,0,0,0,0,1,0,0,14,0,0,1,0,114,0,0,0,0,0,0,0,0,1,0,0,0,0,0,0,0,
18,11338,רהט,1161,37.3,18,0,464,152,2,150,1,0,0,11,0,0,0,0,3,0,0,0,0,0,0,0,1,12,0,0,0,0,122,0,0,0,0,0,0,0,0,0,0,0,0,0,0,0,0,
18,11342,רהט,1161,43.4,7,0,510,220,1,219,0,0,0,116,0,0,0,0,0,0,0,0,0,0,0,0,0,14,5,0,0,0,80,2,1,0,0,0,0,0,0,0,0,0,1,0,0,0,0,
18,11351,רהט,1161,49.2,16,0,525,272,0,272,0,0,0,69,0,0,0,0,2,0,0,1,0,0,0,0,0,5,1,0,0,0,194,0,0,0,0,0,0,0,0,0,0,0,0,0,0,0,0,
18,11353,רהט,1161,49.4,16,0,525,256,2,254,2,0,0,64,0,0,0,0,0,0,0,0,0,0,0,0,0,6,1,0,0,1,179,0,0,0,0,0,0,0,0,1,0,0,0,0,0,0,0,
19,11728,גבעת חן,207,1,1,0,296,243,0,243,32,7,0,1,0,0,3,0,0,0,0,0,0,0,0,56,11,17,34,0,0,0,0,69,0,0,0,0,0,0,0,0,0,4,0,0,0,0,9,
19,11732,חורשים,355,1,1,0,298,199,0,199,45,7,0,0,0,0,6,0,7,0,0,0,0,0,0,25,6,22,46,0,0,0,1,28,0,0,0,0,0,0,0,0,0,0,0,0,0,0,6,
19,11749,כפר מלל,98,1,1,0,280,223,0,223,37,8,0,0,0,0,3,0,6,0,0,0,0,0,0,48,8,31,27,0,0,0,0,51,0,0,0,0,0,0,0,0,0,0,0,0,0,0,4,
19,11808,כפר סבא,6900,43.1,44,0,559,335,2,333,27,22,3,0,0,0,22,0,3,0,0,1,0,0,0,20,10,80,25,0,0,0,0,72,0,0,0,0,0,0,0,0,0,0,0,0,0,13,35,
19,11821,כפר סבא,6900,48.2,15,0,636,345,0,345,38,29,0,0,0,0,10,0,4,0,0,0,0,0,0,35,15,63,24,0,0,0,0,96,0,0,0,0,1,0,0,0,0,1,0,0,0,4,25,
19,11923,גני עם,218,1,1,0,214,175,2,173,22,10,0,0,0,1,2,0,2,0,0,0,0,0,0,33,6,21,26,0,0,0,0,44,0,0,0,0,0,0,0,0,0,0,0,0,0,0,6,
19,12000,הוד השרון,9700,63.3,29,0,468,339,1,338,50,13,0,0,0,0,11,0,0,0,0,0,0,0,0,54,12,39,29,0,0,0,0,109,0,0,0,0,0,0,0,0,0,2,0,0,0,5,14,
19,12008,ירקונה,183,1,1,0,311,231,0,231,44,9,0,0,0,0,0,0,0,0,0,0,0,0,0,34,9,22,26,0,0,0,0,72,0,0,0,0,0,0,0,0,0,3,0,0,0,0,12,
19,12115,רעננה,8700,93.3,6,0,568,391,1,390,17,51,3,2,0,0,25,0,2,0,0,0,0,0,0,43,3,90,20,0,0,0,0,83,0,0,0,0,0,0,0,0,0,1,0,0,0,23,27,
