סמל ועדה,שם ישוב,סמל ישוב,בזב,מצביעים,פסולים,כשרים,אמת,ב,ג,ודעם,ז,זץ,ט,י,יז,ינ,יף,יק,יר,כ,כך,כן,ל,מחל,מרצ,נ,ני,נר,עם,פה,ףז,צי,צכ,צף,ץ,ק,קי,קך,קץ,ר,רנ,רף,רק,שס,ת,
6,אבירים,1220,221,151,1,150,47,0,0,3,0,0,2,0,3,0,0,0,0,0,0,16,2,5,31,0,0,0,0,27,0,0,0,0,0,0,0,0,0,5,0,0,0,1,8,
5,אדירים,113,234,180,0,180,1,7,4,0,0,0,9,0,1,0,0,0,0,0,0,3,0,84,0,0,0,0,0,2,0,0,0,0,0,0,0,0,0,2,0,0,0,61,6,
17,אחווה,1157,183,145,0,145,14,4,0,0,0,0,4,0,0,0,0,0,0,0,0,36,3,27,10,0,0,0,0,37,0,0,0,0,0,0,0,0,0,0,0,0,0,2,8,
17,איבים,338,138,40,0,40,0,4,0,0,0,1,10,0,0,0,0,0,0,0,0,5,0,17,0,0,0,1,0,0,0,0,0,0,0,0,0,1,0,0,0,0,0,1,0,
4,אלומות,330,316,205,0,205,45,12,1,0,0,0,2,0,2,0,0,0,0,0,0,26,3,24,31,0,0,0,0,49,0,0,0,0,0,0,0,0,0,0,0,0,0,1,9,
9,אלוני יצחק,868,125,23,0,23,5,1,0,0,0,0,0,0,1,0,0,0,0,0,0,3,0,1,0,0,0,0,0,6,0,0,0,0,0,0,0,0,0,0,0,0,0,0,6,
4,אליעד,4002,311,222,3,219,46,21,0,0,0,0,8,0,1,0,0,0,0,0,0,27,12,18,11,0,0,0,0,54,1,0,0,0,0,0,0,0,0,3,0,0,0,0,17,
4,אלמגור,1125,295,232,1,231,67,3,0,1,0,0,1,0,2,0,0,0,0,0,0,48,12,6,31,0,0,0,0,48,0,0,0,0,0,0,0,0,0,4,0,0,0,0,8,
4,אמנון,1253,337,220,1,219,17,38,1,0,0,0,9,0,4,0,0,0,0,0,0,27,8,63,6,0,0,0,0,26,0,0,0,0,0,0,0,0,0,2,0,0,0,1,17,
17,אמציה,23,158,103,0,103,8,21,0,0,0,1,24,0,1,0,0,0,0,0,0,5,1,22,1,0,0,0,0,12,0,0,0,0,0,0,0,0,0,0,0,0,0,1,6,
4,אפיק,4301,256,177,3,174,32,8,0,0,1,0,2,0,3,0,0,0,0,0,0,22,8,14,15,0,0,0,0,53,0,0,0,0,0,0,0,0,0,5,0,0,0,0,11,
17,אשדוד,70,25287,14594,92,14502,226,724,1035,5,2,1,357,3,106,1,0,1,0,54,2,463,2785,4518,107,2,1,0,3,1802,3,3,1,0,1,3,0,2,0,50,4,0,0,1537,700,
18,אשל הנשיא,2021,108,59,0,59,2,6,1,0,0,0,3,0,1,0,0,0,0,0,0,9,1,8,4,0,0,0,0,14,0,0,0,0,0,0,0,0,0,0,0,0,0,0,10,
17,אשקלון,7100,50986,28125,170,27955,560,1503,183,22,1,5,1119,10,207,3,0,3,3,1,25,1025,5261,10905,233,3,4,2,8,2612,12,6,4,2,2,5,1,5,13,161,6,6,0,2595,1439,
9,בית אורן,317,338,224,0,224,52,4,1,0,0,0,3,0,8,0,0,0,0,0,0,35,6,20,29,0,0,0,0,51,0,0,0,0,0,0,0,0,0,6,0,0,0,1,8,
17,בית גוברין,619,292,225,1,224,69,2,0,0,0,0,2,0,3,0,0,0,0,0,0,29,5,8,30,0,0,0,0,67,0,0,0,0,0,0,0,0,0,1,0,0,0,0,8,
5,בית זיד,353,112,64,0,64,21,0,0,0,0,0,0,0,0,0,0,0,0,0,0,6,1,3,2,0,1,1,0,24,0,0,0,0,0,1,0,0,0,1,0,1,0,0,2,
9,בית צבי,212,64,31,0,31,0,0,7,0,0,0,17,0,0,0,0,0,0,0,0,0,0,2,0,0,0,0,0,0,0,0,0,0,0,0,0,0,0,0,0,0,0,5,0,
13,בית רבן,848,322,231,0,231,2,48,5,0,0,0,126,0,0,0,0,0,0,0,0,0,0,28,0,0,0,0,0,0,0,0,0,0,0,0,0,0,0,0,0,0,0,21,1,
5,ברק,141,305,202,1,201,15,10,0,0,0,0,4,0,2,0,0,0,0,0,0,41,1,78,0,0,0,0,0,30,0,0,0,0,0,0,0,0,0,1,0,0,0,6,13,
18,גבעולים,2014,308,237,0,237,2,9,1,0,0,0,11,0,0,0,0,0,0,0,0,3,0,165,0,0,0,0,0,3,0,0,0,1,0,0,0,0,0,2,0,0,0,26,14,
19,גבעת חן,207,296,243,0,243,32,7,0,1,0,0,3,0,0,0,0,0,0,0,0,56,11,17,34,0,0,0,0,69,0,0,0,0,0,0,0,0,0,4,0,0,0,0,9,
5,גדעונה,442,313,231,0,231,11,16,23,0,0,0,9,0,5,0,0,0,0,0,0,5,5,107,4,0,0,0,0,26,0,0,0,0,0,0,0,0,0,4,1,0,0,7,8,
13,גיבתון,196,280,227,0,227,59,8,2,0,0,0,7,0,1,0,0,0,0,0,0,38,9,18,16,0,0,0,0,59,0,0,0,0,0,0,0,0,0,2,0,0,0,2,6,
2,גיזו,1043,150,122,0,122,18,11,0,0,0,1,2,0,1,0,0,0,0,0,0,10,3,37,10,0,0,0,0,22,0,0,0,0,0,0,0,0,0,1,0,0,0,2,4,
19,גני עם,218,214,175,2,173,22,10,0,0,0,1,2,0,2,0,0,0,0,0,0,33,6,21,26,0,0,0,0,44,0,0,0,0,0,0,0,0,0,0,0,0,0,0,6,
4,גשור,4022,223,151,0,151,22,9,0,0,0,2,1,0,3,0,0,0,0,0,0,8,17,22,13,0,0,0,0,38,0,0,0,0,0,0,0,0,0,4,0,0,0,1,11,
18,הר עמשא,1261,120,89,0,89,20,0,0,0,0,0,2,0,1,0,0,2,0,0,0,10,2,8,17,0,0,0,0,13,0,0,0,0,0,0,0,0,0,6,0,0,0,0,8,
2,הראל,464,220,119,0,119,31,4,0,1,0,0,0,0,0,0,0,0,0,0,0,9,5,4,30,0,0,0,0,34,0,0,0,0,0,0,0,0,0,0,0,0,0,0,1,
18,זרועה,2064,324,230,1,229,1,10,5,0,0,0,18,0,0,0,0,0,0,0,0,4,1,143,3,0,0,0,0,10,0,0,0,0,0,0,0,0,0,1,0,0,0,31,2,
9,חרמש,3717,212,131,1,130,2,17,0,0,0,0,11,0,3,0,0,0,0,0,0,2,18,45,2,0,0,0,0,15,0,0,0,0,0,0,1,0,0,6,0,0,0,3,5,
4,טבריה,6700,32216,18038,94,17944,195,684,1500,15,1,2,920,5,83,1,1,4,1,3,4,546,1047,7666,103,1,1,1,11,968,4,1,1,0,1,0,0,0,3,86,3,2,0,3485,595,
4,טפחות,1214,255,205,1,204,0,17,2,0,0,0,77,0,0,0,0,0,0,0,0,3,1,87,0,0,0,0,0,0,0,1,0,0,0,0,0,0,0,0,0,0,0,13,3,
2,יד השמונה,1134,158,121,0,121,9,12,0,0,0,0,1,0,0,0,0,3,0,0,0,9,50,13,1,0,0,0,0,12,0,0,0,0,0,0,0,0,0,6,0,0,0,0,5,
19,ירקונה,183,311,231,0,231,44,9,0,0,0,0,0,0,0,0,0,0,0,0,0,34,9,22,26,0,0,0,0,72,0,0,0,0,0,0,0,0,0,3,0,0,0,0,12,
4,כלנית,1229,190,139,0,139,0,5,2,0,0,0,19,0,0,0,0,0,0,0,2,0,0,90,1,0,0,0,0,0,0,0,0,0,0,0,0,0,0,0,0,0,0,19,1,
4,כנף,4028,336,238,0,238,37,30,0,1,0,0,5,0,8,0,0,0,0,0,0,26,6,24,13,0,0,0,0,68,0,0,0,0,0,0,0,0,0,1,0,0,0,0,19,
2,כסלון,859,289,207,0,207,8,15,2,0,0,0,15,0,2,0,0,0,0,0,0,5,0,99,7,0,0,0,0,5,0,0,0,0,0,0,0,0,0,2,0,0,0,39,8,
5,כפר גדעון,106,189,136,1,135,1,5,44,0,0,0,19,0,0,0,0,0,0,0,0,2,1,24,0,0,0,0,0,7,0,0,0,0,0,0,0,0,0,0,0,0,0,25,7,
9,כפר גליקסון,310,287,220,0,220,63,10,0,3,0,1,0,0,4,0,0,0,0,0,0,26,2,7,38,0,0,0,0,54,0,0,0,0,0,0,0,0,0,2,0,0,0,0,10,
8,כפר המכבי,254,316,219,1,218,51,5,0,0,0,0,0,0,0,0,0,0,0,0,0,37,7,14,24,0,0,0,0,74,0,0,0,0,0,0,0,0,0,1,0,0,0,0,5,
17,כפר סילבר,107,86,36,0,36,1,3,0,0,0,0,2,0,0,0,0,0,0,0,0,6,4,8,2,0,0,0,0,9,0,0,0,0,0,0,0,0,0,0,0,0,0,0,1,
12,כפר רות,1166,191,157,1,156,18,12,0,0,0,2,9,0,2,0,0,0,0,0,0,30,2,23,7,1,0,0,0,36,0,0,0,0,0,0,0,0,0,2,0,0,0,2,10,
18,כרמל,3656,277,227,0,227,0,52,2,0,0,0,152,0,0,0,0,0,0,0,0,0,1,20,0,0,0,0,0,0,0,0,0,0,0,0,0,0,0,0,0,0,0,0,0,
4,לבנים,1230,329,239,0,239,31,10,2,1,0,0,10,2,5,0,0,0,0,0,0,20,8,70,6,0,0,0,0,53,0,0,0,0,0,0,0,0,0,1,0,0,0,2,18,
6,לפידות,1173,125,91,0,91,5,4,0,0,0,0,1,0,0,0,0,0,0,0,0,8,2,43,1,0,0,0,0,7,0,0,0,0,0,0,0,0,0,0,0,0,0,12,8,
9,מאיר שפיה,102,115,58,2,56,8,4,0,0,0,0,0,0,1,0,0,0,0,0,0,6,4,11,1,0,0,0,0,8,0,0,0,0,0,0,0,0,0,3,0,0,0,0,10,
12,מבוא מודיעים,1141,177,95,0,95,6,18,10,0,0,0,20,0,2,0,0,0,0,0,0,1,1,10,1,0,0,0,0,4,0,0,0,0,0,0,0,0,0,8,0,0,0,7,7,
2,מגדל עוז,3561,267,167,2,165,1,81,0,0,0,0,42,0,1,0,0,0,0,0,0,2,0,24,1,0,0,0,0,2,0,0,0,0,0,0,0,0,0,0,0,0,0,2,9,
13,מחנה הילה,1411,126,102,0,102,13,21,0,0,0,0,0,0,0,0,0,0,0,0,0,14,0,11,7,0,0,0,0,25,0,0,0,0,0,0,0,0,0,0,0,0,0,0,11,
5,מחנה יהודית,1413,132,105,1,104,7,14,0,0,0,0,1,0,1,0,0,0,0,0,0,12,6,22,8,0,0,0,0,25,0,0,0,0,0,0,0,0,0,0,0,0,0,0,8,
18,מחנה יפה,1415,230,148,0,148,18,15,0,0,0,0,5,0,2,0,0,0,0,0,0,16,2,32,5,0,0,0,0,37,0,0,0,0,0,0,0,0,0,0,0,0,0,1,15,
17,מחנה מרים,1414,107,68,0,68,11,8,0,0,0,0,3,0,0,0,0,0,0,0,0,16,1,8,1,0,0,0,0,18,0,0,0,0,0,0,0,0,0,0,0,0,0,1,1,
9,מי עמי,1128,256,187,1,186,54,2,0,1,0,0,0,0,0,0,0,0,0,0,0,26,6,7,33,0,0,0,0,46,0,0,0,0,0,0,0,0,0,2,0,0,0,0,9,
4,מיצר,4019,118,90,0,90,24,10,0,0,0,0,1,0,2,0,0,0,0,0,0,6,5,0,10,0,0,0,0,17,0,0,0,0,0,0,0,0,0,2,0,0,0,0,13,
18,מלילות,2044,281,207,2,205,2,8,2,0,0,0,21,0,1,0,0,0,0,0,0,1,2,139,0,0,0,0,0,5,0,0,0,0,0,0,0,0,0,0,0,0,0,19,5,
4,מעגן,678,321,211,3,208,35,8,0,0,0,0,2,0,0,0,0,0,0,0,0,43,7,28,19,0,0,0,1,54,0,0,0,0,0,0,0,0,0,1,0,0,0,1,9,
18,מעון,3657,300,206,0,206,0,29,0,0,0,0,165,0,0,0,0,0,0,0,0,0,0,7,0,0,0,0,0,1,0,0,0,0,0,0,0,0,0,3,0,0,0,0,1,
4,מצפה,58,118,85,0,85,9,4,0,0,0,0,1,0,1,0,0,0,0,0,0,11,3,21,4,0,0,0,0,23,0,0,0,0,0,0,0,0,0,2,0,0,0,0,6,
16,מקווה ישראל,22,160,115,0,115,14,8,0,0,0,0,3,0,1,0,0,0,0,0,0,8,8,26,9,0,0,0,0,32,0,0,0,0,0,0,0,0,0,0,0,0,0,1,5,
2,נגוהות,3724,158,139,0,139,0,35,0,0,0,0,92,0,0,0,0,0,0,0,0,0,0,9,0,0,0,0,0,0,0,0,0,0,0,0,0,0,0,0,0,0,0,1,2,
2,נווה שלום,1259,230,178,0,178,15,0,0,90,0,0,0,0,0,0,0,0,0,0,0,2,0,0,63,0,0,0,5,1,0,0,0,0,1,0,0,0,0,0,0,0,0,0,1,
17,נועם,15,322,217,0,217,2,15,1,0,0,0,23,0,0,0,0,0,0,0,0,1,1,124,0,0,0,0,0,6,0,0,0,0,0,0,0,0,0,0,0,0,0,40,4,
5,נורית,833,127,101,0,101,7,9,2,1,0,0,7,0,1,0,0,0,0,0,0,9,1,28,7,0,0,0,0,24,0,0,0,0,0,0,0,0,0,1,0,0,0,0,4,
17,נטע,1369,279,246,0,246,1,79,0,0,0,0,152,0,0,0,0,0,0,0,0,0,0,7,0,0,0,0,0,0,0,0,0,0,0,0,0,0,0,0,0,0,0,2,5,
6,סואעד חמרייה,942,166,53,2,51,3,0,0,8,0,0,0,0,4,0,0,0,0,0,0,0,0,1,3,0,0,0,32,0,0,0,0,0,0,0,0,0,0,0,0,0,0,0,0,
2,עגור,794,316,233,1,232,6,6,2,0,0,0,14,0,1,0,0,0,0,0,0,5,4,145,8,0,0,0,0,5,0,0,0,0,0,0,0,0,0,1,1,0,0,30,4,
2,עטרת,3658,311,256,0,256,0,36,1,1,0,0,187,0,0,0,0,0,0,0,0,1,0,22,0,0,0,0,0,1,0,0,0,0,0,0,0,0,0,0,0,0,0,2,5,
9,עין חוד,1320,198,98,2,96,1,0,0,75,0,0,0,0,0,0,0,0,0,0,0,0,0,1,2,0,0,0,16,1,0,0,0,0,0,0,0,0,0,0,0,0,0,0,0,
18,פדויים,750,337,239,1,238,5,28,6,0,0,0,27,0,5,0,0,0,0,0,0,8,4,108,2,0,0,0,0,8,0,0,0,0,0,0,0,0,0,4,0,0,0,19,14,
4,פוריה  כפר עבודה,1104,267,168,1,167,1,19,2,0,0,0,3,0,2,0,0,1,0,0,0,7,0,88,0,0,0,0,0,14,0,0,0,0,0,0,0,0,0,5,0,0,0,12,13,
2,פני חבר,3723,249,198,2,196,1,11,1,0,0,0,153,0,0,0,0,0,0,0,0,2,0,15,0,0,0,0,0,2,0,0,0,0,0,0,0,0,0,8,0,0,0,3,0,
6,פקיעין חדשה,281,336,256,0,256,2,7,2,0,0,0,15,0,2,0,0,0,0,0,0,5,3,140,0,0,0,0,0,6,0,0,0,0,0,0,0,0,0,0,0,0,0,70,4,
6,צוריאל,774,305,216,0,216,10,18,0,0,0,1,16,0,2,0,0,0,0,0,0,15,2,119,2,0,0,0,0,5,0,0,0,0,0,0,0,0,0,0,0,1,0,9,16,
17,קוממיות,766,252,155,0,155,0,0,146,0,0,0,4,0,0,0,0,0,0,0,0,0,0,1,0,0,0,0,0,0,0,0,0,0,0,0,0,0,0,0,0,0,0,4,0,
18,רתמים,1260,264,224,0,224,15,110,1,0,0,0,35,0,2,0,0,0,0,0,0,22,0,20,1,0,0,0,0,4,0,0,0,0,0,0,0,0,0,0,0,0,0,0,14,
2,שדות מיכה,27,270,184,1,183,2,13,2,0,0,0,11,0,0,0,0,0,0,0,0,7,3,83,1,0,0,0,0,4,0,0,0,0,0,0,0,0,0,0,0,0,0,48,9,
17,שדרות,1031,11292,6706,55,6651,134,887,47,10,1,0,672,4,40,0,0,3,0,1,3,191,560,2658,78,6,0,0,2,299,0,1,0,0,1,0,0,1,1,38,1,0,0,777,235,
18,שוקדה,415,285,216,1,215,1,58,0,0,0,0,61,0,0,0,0,0,0,0,0,0,0,59,0,0,0,0,0,0,0,0,0,0,0,0,0,0,0,0,0,0,0,29,7,
18,שיבולים,865,260,190,0,190,2,14,2,0,0,0,31,0,0,0,0,0,0,0,0,8,1,109,0,0,0,0,0,1,0,0,0,0,0,0,0,0,0,1,0,0,0,12,9,
17,שקף,1233,301,252,0,252,48,20,0,0,0,1,3,0,1,0,0,0,0,0,0,61,5,29,31,0,0,0,0,34,0,0,0,0,0,0,0,0,0,1,0,0,0,1,17,
18,שרשרת,398,264,188,0,188,2,17,5,0,0,0,29,0,3,0,0,0,0,0,0,1,0,97,1,0,0,0,0,2,0,0,0,0,0,0,0,0,0,0,0,0,0,22,9,
18,תאשור,2062,288,191,0,191,22,20,0,1,0,0,2,0,8,0,0,0,0,0,0,21,2,54,14,0,0,0,0,36,0,0,0,0,0,0,0,0,0,0,0,0,0,5,6,
18,תושיה,1083,337,258,0,258,1,43,2,0,0,0,137,0,1,0,0,0,0,0,0,1,0,60,2,0,0,0,0,1,0,0,0,0,0,0,0,0,0,0,0,0,0,9,1,
2,תירוש,10,332,227,0,227,0,4,7,0,0,0,12,0,4,0,0,0,0,0,0,0,0,106,1,0,0,0,0,1,0,0,0,0,0,0,0,0,0,0,0,0,0,85,7,
4,תל קציר,719,326,228,2,226,56,11,0,0,0,0,3,0,0,0,0,0,0,0,0,30,7,20,12,0,0,0,0,64,1,0,0,0,0,0,0,0,0,1,0,0,0,1,20,
9,תלמי אלעזר,2003,344,271,0,271,46,5,0,0,0,0,3,0,2,0,0,0,0,0,0,30,13,54,26,0,0,0,0,75,0,0,0,0,0,0,0,0,0,0,0,0,0,2,15,
2,אדורה,3759,244,183,0,183,1,37,0,0,0,0,66,0,3,0,0,0,0,0,0,4,2,41,0,0,0,0,0,14,0,0,0,0,0,0,0,0,0,2,1,0,0,3,9,
18,אופקים,31,5776,3293,27,3266,53,190,255,0,0,0,220,0,24,0,0,0,0,0,2,95,291,1349,23,0,0,0,0,169,1,0,0,0,0,0,0,2,0,9,0,0,0,485,98,
3,אור הגנוז,1294,296,162,1,161,0,5,72,0,0,0,29,0,0,0,0,0,0,0,0,0,0,2,1,0,0,0,0,1,0,0,0,0,0,0,0,0,0,1,0,0,0,50,0,
5,אחוזת ברק,1330,1809,1280,8,1272,86,118,0,0,0,0,17,0,13,0,0,0,0,0,0,110,50,395,31,0,0,0,0,311,0,0,0,0,0,0,0,0,0,8,4,0,0,25,104,
18,אילת,2600,5640,1986,16,1970,72,78,18,7,0,0,88,1,18,0,0,0,0,0,2,101,229,751,56,0,1,0,2,281,2,0,1,0,0,0,0,0,1,20,3,0,0,100,138,
17,איתן,37,366,270,0,270,2,27,0,0,0,0,61,0,0,0,0,0,0,0,0,4,1,126,0,0,0,0,0,3,0,0,0,0,0,0,0,0,0,1,0,0,0,42,3,
5,אכסאל,478,9946,4256,37,4219,4,0,1,2531,1,0,1,1,9,5,0,0,0,0,1,6,1,203,63,0,0,0,1339,18,0,2,0,0,0,0,1,2,0,1,1,2,0,2,24,
18,אליפז,1248,117,69,0,69,12,4,0,0,0,0,0,0,0,0,0,0,0,1,0,11,1,6,6,0,0,0,0,27,0,0,0,0,0,0,0,0,0,0,0,0,0,0,1,
18,באר מילכה,1278,101,90,1,89,23,5,0,0,0,0,2,0,1,0,0,0,0,0,0,20,1,12,15,0,0,0,0,8,0,0,0,0,0,0,0,0,0,1,0,0,0,0,1,
18,באר שבע,9000,45321,22827,161,22666,693,1443,179,102,2,1,1194,9,178,1,4,6,3,26,11,895,2761,9453,334,8,5,4,62,2074,12,4,1,1,4,2,2,3,8,130,8,5,0,1793,1245,
5,בועיינהנוגידאת,482,6773,3527,68,3459,8,0,0,943,1,0,0,0,3,0,0,1,0,2,1,3,0,124,83,0,0,1,2228,17,0,0,3,2,0,0,0,2,2,0,2,0,0,32,1,
12,בית חשמונאי,1050,1002,777,3,774,60,52,1,1,0,1,14,0,8,0,0,0,0,0,0,96,13,231,31,0,0,0,0,198,1,1,0,0,0,0,0,0,0,4,0,0,0,4,58,
9,גסר אזרקא,541,8151,1981,29,1952,20,1,0,1141,1,1,1,0,0,4,0,0,0,0,4,2,1,112,45,1,1,2,570,16,0,0,0,0,2,1,1,0,2,1,1,1,0,15,5,
17,גבעתי,793,665,457,2,455,7,38,1,0,0,1,20,0,3,0,0,0,0,0,0,49,6,237,4,0,0,0,0,24,0,0,0,0,0,0,0,0,0,1,0,0,0,36,28,
5,גדיש,145,285,201,0,201,3,6,1,0,0,0,7,0,0,0,0,0,0,0,0,2,1,159,0,0,0,0,0,2,0,0,0,0,0,0,0,0,0,0,0,0,0,14,6,
12,גזר,370,388,209,0,209,54,2,0,4,0,0,0,0,2,0,0,0,0,0,0,15,4,21,38,0,0,0,0,63,0,0,0,0,0,0,0,0,0,2,0,0,0,0,4,
11,גת רימון,128,205,157,0,157,20,8,0,0,0,0,4,0,4,0,0,0,0,0,0,22,6,31,13,0,0,0,0,42,0,0,0,0,0,0,0,0,0,1,0,0,0,0,6,
5,דבוריה,489,6786,3268,24,3244,3,0,0,1755,0,0,0,0,1,3,1,0,0,0,1,0,2,48,51,0,0,0,1364,9,0,0,0,0,1,0,0,0,0,0,0,0,0,2,3,
5,דברת,407,347,253,0,253,56,17,0,0,0,0,1,0,2,0,0,0,0,0,0,36,10,14,13,0,0,0,0,74,0,0,0,0,0,0,0,0,0,2,0,0,0,5,23,
5,דחי,475,529,106,1,105,1,0,0,56,0,0,0,0,0,0,0,0,0,0,0,1,0,16,8,0,0,0,20,0,0,0,0,0,0,0,0,0,0,0,0,0,0,0,3,
18,דימונה,2200,14679,8137,62,8075,141,436,52,2,1,0,452,1,47,0,0,0,0,1,0,219,558,4383,39,1,0,0,8,515,2,1,0,0,1,1,2,2,3,27,1,2,0,859,318,
5,חבר,1110,409,287,4,283,14,15,0,0,0,0,5,0,3,0,0,0,0,0,0,24,13,120,4,0,0,0,0,30,1,0,0,0,0,0,0,0,0,3,0,0,0,23,28,
2,חברון,3400,309,201,0,201,2,11,1,0,0,0,163,0,1,0,0,0,0,0,0,0,0,11,0,0,0,0,0,1,0,0,0,0,0,0,0,0,1,7,0,0,0,1,2,
9,חדרה,6500,53270,31384,163,31221,1388,1820,285,36,4,4,1090,10,344,0,0,4,0,7,9,2108,2715,11664,688,3,16,1,14,4503,5,1,2,3,5,4,3,1,1,156,9,3,0,2407,1908,
19,חורשים,355,298,199,0,199,45,7,0,0,0,0,6,0,7,0,0,0,0,0,0,25,6,22,46,0,0,0,1,28,0,0,0,0,0,0,0,0,0,0,0,0,0,0,6,
7,חיפה,4000,157527,86306,455,85851,6038,4131,3043,6248,13,7,2320,18,820,7,6,17,9,10,37,7066,7948,17909,5538,7,13,85,299,17002,28,13,5,3,23,6,5,11,13,432,25,13,0,2108,4575,
4,חמאם,993,1197,408,7,401,8,0,0,100,0,0,0,0,0,0,0,0,0,0,0,6,0,75,10,0,0,3,171,9,1,0,0,0,0,0,0,0,0,0,0,0,0,18,0,
18,יהל,1158,218,132,1,131,30,5,0,1,0,0,2,0,0,0,0,0,0,0,0,16,11,13,17,0,0,0,0,32,0,0,0,0,0,0,0,0,0,0,0,0,0,0,4,
18,יטבתה,866,348,201,0,201,86,3,0,0,0,0,2,0,1,0,0,0,0,0,0,23,5,7,13,0,0,0,0,56,0,0,0,0,0,0,0,0,0,1,0,0,0,0,4,
17,ינון,2011,446,308,2,306,7,14,7,51,0,0,22,0,6,0,0,0,0,0,1,17,1,129,5,0,0,0,3,5,0,0,0,0,0,0,0,0,0,1,0,0,0,28,9,
3,כדיתה,1338,138,49,1,48,9,4,2,0,0,0,1,0,2,0,0,0,0,0,1,5,0,8,4,0,0,0,0,3,0,0,0,0,0,0,0,0,0,6,0,0,0,2,1,
8,כפר חסידים ב,889,219,159,0,159,6,36,5,0,0,0,13,0,0,0,0,0,0,0,0,12,8,45,4,0,0,1,0,24,0,0,0,0,0,0,0,0,0,0,0,0,0,3,2,
12,לוד,7000,36956,18829,205,18624,306,1030,793,2080,3,0,1431,4,130,2,2,3,5,6,11,423,1400,6196,177,5,1,2,1114,1120,7,3,1,0,1,5,7,7,8,70,7,1,1,1530,732,
9,מבוא דותן,3569,301,201,0,201,4,26,0,0,0,0,61,0,1,0,0,0,0,0,0,8,1,76,1,0,0,0,0,5,0,0,0,0,0,0,0,0,0,6,0,0,0,5,7,
4,מגאר,481,11826,5007,49,4958,116,157,3,1292,2,0,3,0,12,2,0,0,0,0,5,126,716,458,230,2,0,0,1138,270,0,1,3,4,1,0,0,0,1,5,0,0,0,203,208,
12,מודיעין עילית,3797,3790,3084,37,3047,1,3,2366,0,0,0,70,0,0,0,0,0,0,0,1,0,0,11,0,0,0,0,0,0,1,0,0,0,0,0,0,0,0,3,0,0,0,591,0,
18,מחנה יוכבד,1416,125,57,0,57,5,5,0,0,0,0,3,0,1,0,0,0,0,0,0,6,2,13,0,0,0,0,0,15,0,0,0,0,0,0,0,0,0,0,0,0,0,0,7,
17,מנוחה,2030,446,339,0,339,8,36,0,0,0,0,46,0,2,0,0,0,0,0,0,17,0,170,3,0,0,0,0,11,0,0,0,0,0,0,0,0,0,0,0,0,0,43,3,
17,מפלסים,668,349,234,1,233,53,11,0,0,0,0,1,0,5,0,0,0,0,0,0,53,9,9,19,0,0,0,0,66,0,0,0,0,0,0,0,0,0,0,0,0,0,0,7,
9,מצפה אילן,1370,273,232,1,231,2,159,2,0,0,0,35,0,0,0,0,0,0,0,0,1,0,21,0,0,0,0,0,2,0,0,0,0,0,0,0,0,0,1,0,0,0,0,8,
5,נאעורה,524,1530,605,5,600,3,0,1,242,0,0,0,0,0,0,0,0,0,0,0,5,0,70,59,0,0,0,190,12,0,0,1,0,1,0,1,0,0,1,1,0,0,11,2,
17,נחל עוז,844,350,236,0,236,80,14,0,0,0,0,0,0,5,0,0,0,0,0,1,42,4,15,17,0,0,0,0,49,0,0,0,0,0,0,0,0,0,1,0,0,0,0,8,
18,ניצני סיני,1280,214,148,0,148,17,26,0,0,0,0,4,0,2,0,0,0,0,0,0,26,3,21,5,0,0,0,0,28,0,0,0,0,0,0,0,0,0,1,0,0,0,1,14,
18,נתיבות,246,9280,6414,31,6383,32,220,564,3,0,1,525,0,13,0,0,0,0,1,1,72,331,1993,13,0,3,0,0,98,0,0,0,0,0,1,0,2,2,19,3,1,0,2392,93,
5,עין חרוד מאוחד,82,692,496,2,494,149,27,2,0,0,0,6,0,2,0,0,0,0,0,0,99,15,22,57,0,0,0,0,84,0,0,0,0,0,1,0,0,0,0,1,0,0,0,29,
3,עין קנייא,4502,165,17,0,17,0,0,0,0,0,0,0,0,0,0,0,0,0,0,0,0,0,8,0,0,0,0,0,5,0,0,0,0,0,0,0,0,0,0,0,0,0,0,4,
3,עמוקה,1212,147,103,1,102,28,4,0,2,0,0,2,0,1,0,0,0,0,0,0,12,3,8,22,0,0,0,0,19,0,0,0,0,0,0,0,0,0,0,0,0,0,0,1,
5,עפולה,7700,41173,24531,169,24362,621,1393,1178,29,2,1,1020,6,160,3,3,2,2,3,11,1202,2363,10478,269,5,3,2,5,2284,11,3,0,1,2,4,5,4,5,124,7,3,0,1833,1315,
18,ערד,2560,10319,5715,54,5661,164,176,1698,19,1,3,172,4,32,0,1,3,0,0,1,142,1051,935,93,2,2,0,28,792,3,1,0,0,4,1,0,0,0,29,0,3,0,87,214,
9,ערערה,637,12189,4776,56,4720,25,0,0,2859,1,0,0,0,14,1,0,0,0,0,1,3,0,40,221,0,1,2,1473,21,0,1,2,1,3,1,1,1,1,0,0,2,0,3,42,
9,פוריידיס,537,7816,2268,40,2228,18,1,0,819,0,0,0,0,26,1,2,0,0,0,0,4,0,148,206,0,0,1,885,22,0,1,0,0,1,0,1,0,0,0,0,0,0,83,9,
18,פטיש,749,671,531,2,529,6,40,4,0,0,0,35,0,1,0,0,0,0,0,0,23,0,241,1,0,0,0,0,9,0,0,0,0,0,0,0,0,0,0,0,0,0,138,31,
5,פרזון,2053,342,237,3,234,8,22,3,0,0,0,14,0,2,0,0,0,0,0,0,18,0,132,3,0,0,0,0,4,0,0,0,0,0,0,0,0,0,0,1,0,0,13,14,
11,פתח תקווה,7900,86520,56880,247,56633,2608,4760,2258,43,5,4,3314,13,569,5,1,3,2,6,36,4341,4349,15878,1408,6,5,2,5,9867,12,2,2,4,6,8,3,10,7,245,18,8,0,3346,3474,
3,צבעון,1213,177,150,0,150,43,5,1,1,0,0,3,0,4,0,0,0,0,0,0,5,6,11,39,0,0,0,0,27,0,0,0,0,0,0,0,0,0,2,0,0,0,0,3,
2,צפרירים,1079,319,223,0,223,39,8,5,2,0,0,3,0,1,0,0,0,0,0,0,17,4,57,25,0,0,0,0,25,0,0,0,0,0,0,0,0,0,3,0,0,0,19,15,
3,קדרים,1211,195,141,0,141,40,8,0,0,0,0,2,1,1,0,0,0,0,0,0,12,1,11,22,0,0,0,0,34,0,0,0,0,0,0,0,0,0,0,0,0,0,0,9,
8,קרית אתא,6800,38983,24094,162,23932,648,1579,369,9,1,2,1059,5,213,1,0,1,0,2,12,1432,1705,10190,232,3,2,4,5,2869,3,4,1,1,0,5,2,3,6,107,8,2,1,1966,1480,
8,קרית ביאליק,9500,28969,17642,100,17542,826,1100,140,9,3,0,255,6,150,1,0,2,2,2,14,1546,1542,5681,408,4,4,0,4,3809,6,3,1,2,1,5,1,1,5,78,8,3,0,567,1353,
17,קרית גת,2630,16281,9906,68,9838,177,486,456,4,1,0,568,6,62,0,0,0,1,2,17,505,1186,3734,55,1,4,1,1,750,4,0,0,0,1,0,0,8,5,28,3,2,0,1181,589,
17,קרית מלאכי,1034,4341,2468,19,2449,26,137,89,1,0,0,258,0,20,1,0,0,0,1,4,141,42,1168,5,3,0,0,1,60,1,1,0,0,0,0,0,0,1,7,0,0,0,413,69,
2,קרית ענבים,78,328,211,0,211,55,5,0,2,0,0,0,0,0,0,0,0,0,0,0,21,6,17,35,0,0,0,0,54,0,0,0,0,0,0,0,0,0,2,0,0,0,2,12,
18,רהט,1161,13507,6118,70,6048,25,3,4,1522,3,1,0,0,153,1,1,1,1,0,3,16,3,361,129,1,3,5,3684,38,2,0,5,3,1,4,1,7,1,1,3,6,0,9,47,
9,ריחן,3568,220,174,1,173,18,29,1,0,0,0,9,0,4,0,0,0,0,0,0,12,10,38,5,0,0,0,0,32,0,0,0,0,0,0,0,0,0,2,0,0,0,2,11,
18,שחרות,1266,139,82,0,82,21,0,0,0,1,0,0,0,2,0,0,0,0,0,0,6,3,6,19,0,0,0,0,19,0,0,0,0,0,0,0,0,0,2,0,0,0,0,3,
2,אבו גוש,472,4416,1787,39,1748,15,4,4,871,0,0,1,0,7,1,0,0,0,0,1,13,4,429,55,0,1,0,284,39,0,0,0,0,0,1,0,1,0,2,0,0,0,13,2,
3,אביבים,1115,342,243,1,242,0,2,1,0,0,0,8,0,0,0,0,0,0,0,0,0,0,140,0,0,0,0,0,1,0,0,0,0,0,0,0,0,0,1,0,0,0,88,1,
5,אביטל,2052,397,299,0,299,4,14,0,0,0,0,30,0,2,0,0,0,0,0,0,19,3,180,0,0,0,0,0,4,0,0,0,0,0,0,0,0,0,1,0,0,0,29,13,
3,אודם,4010,122,95,1,94,17,12,0,0,0,0,0,0,4,0,0,0,0,0,0,14,2,9,2,0,0,0,0,23,0,0,0,0,0,0,0,0,0,1,0,0,0,0,10,
9,אור עקיבא,1020,10707,6338,30,6308,134,422,71,0,0,0,217,2,70,0,0,0,0,1,3,198,598,3003,45,0,5,0,0,544,1,3,0,0,0,1,1,0,0,25,1,1,0,630,332,
18,אילות,1126,265,169,0,169,43,5,0,1,0,0,0,0,3,0,0,0,0,0,0,28,6,16,24,0,0,0,0,36,0,0,0,0,0,0,0,0,0,1,0,0,0,0,6,
11,אלעד,1309,14041,11385,66,11319,9,101,4207,0,1,0,1172,0,4,0,0,0,0,0,0,6,2,435,3,0,0,0,1,10,0,0,0,0,0,0,0,1,1,13,1,6,0,5326,20,
2,אפרת,3650,6402,4743,16,4727,66,2051,27,0,0,0,1189,0,2,0,0,0,0,1,0,85,14,772,18,0,0,0,0,110,1,0,0,0,0,1,0,0,0,61,0,1,0,69,259,
2,בית שמש,2610,48673,29078,203,28875,225,1750,10333,10,2,6,2592,5,71,1,0,2,0,7,23,566,841,5734,83,2,3,2,5,733,5,2,0,1,1,1,0,3,5,112,11,4,0,5120,614,
2,ביתר עילית,3780,23881,18442,171,18271,16,59,10988,2,0,0,1818,1,4,0,0,0,0,0,1,10,3,293,3,0,0,0,2,20,0,0,0,0,1,0,0,0,0,33,0,0,0,4991,26,
9,בנימינהגבעת עדה,9800,7746,5653,10,5643,908,317,9,11,1,0,82,1,53,0,0,0,1,0,0,645,160,975,639,1,0,0,0,1443,2,0,0,0,0,0,0,1,0,24,1,1,0,99,269,
5,בסמת טבעון,944,5494,1792,37,1755,29,5,3,325,0,0,4,0,14,2,2,0,1,0,2,8,3,303,99,0,1,0,893,36,0,1,1,1,0,0,0,0,4,0,1,0,0,2,15,
16,בת ים,6200,16111,7795,55,7740,264,385,64,17,0,2,303,2,90,0,1,0,1,2,2,382,1222,2650,125,0,0,0,3,1015,7,1,1,1,2,3,1,1,0,38,0,0,0,736,419,
2,גבע בנימין,3763,2797,1883,10,1873,17,152,26,0,0,0,346,0,9,0,0,0,0,0,0,62,46,722,10,0,0,0,0,68,1,1,0,0,0,1,0,0,0,12,0,0,0,344,56,
11,גבעת שמואל,681,7131,4926,18,4908,352,773,51,14,0,1,621,0,43,0,0,0,0,3,2,396,110,933,250,1,0,0,6,810,4,0,0,0,0,0,1,0,0,21,1,0,0,207,308,
5,גזית,457,655,467,0,467,86,11,0,1,0,1,2,0,8,0,0,0,0,0,0,45,19,16,167,0,0,0,0,96,0,0,0,0,0,0,0,0,0,5,0,0,0,0,10,
13,גן הדרום,1072,350,266,1,265,18,22,2,0,0,0,2,0,2,0,0,0,0,0,0,38,4,83,13,0,0,0,0,60,1,0,0,0,0,0,0,0,0,3,0,0,0,2,15,
2,גפן,39,270,207,1,206,3,8,2,0,0,0,15,0,0,0,0,0,0,0,0,2,3,125,2,0,0,0,0,8,0,0,0,0,0,0,0,0,0,0,0,0,0,33,5,
18,גרופית,1129,284,166,0,166,41,3,0,0,0,0,1,0,2,0,0,0,0,0,0,13,6,20,16,0,0,0,0,52,0,0,0,0,0,0,0,0,0,0,0,0,0,0,12,
3,דישון,2063,306,200,2,198,7,10,2,0,0,0,11,0,4,0,0,0,1,0,0,20,4,94,3,0,0,0,0,7,0,0,0,0,0,0,0,0,0,0,1,0,0,16,18,
19,הוד השרון,9700,8408,5967,10,5957,718,277,20,13,0,2,113,1,56,0,0,1,1,0,1,723,187,1126,465,0,0,0,0,1672,0,0,0,0,0,0,1,2,1,21,1,0,0,173,382,
18,הוזייל שבט,956,1130,313,5,308,5,1,0,42,0,0,0,0,0,0,1,0,0,0,0,0,1,22,7,1,0,0,222,2,0,0,1,1,0,0,0,1,1,0,0,0,0,0,0,
5,זרזיר,975,5169,1748,14,1734,27,0,0,150,0,0,0,1,5,0,1,0,0,0,4,13,2,223,71,1,0,0,913,29,0,0,0,1,1,0,2,0,3,3,0,1,0,5,278,
13,חפץ חיים,363,345,290,1,289,1,83,8,0,0,0,132,0,1,0,0,0,0,0,0,0,2,52,0,0,0,0,0,4,0,0,0,0,0,0,0,0,0,0,0,0,0,4,2,
5,טורעאן,498,7594,2929,22,2907,19,2,0,1460,0,0,3,1,13,0,1,0,0,0,0,1,5,54,63,0,0,2,1227,17,0,0,1,0,0,0,1,0,1,1,0,0,0,17,18,
3,יסוד המעלה,29,867,606,0,606,81,38,0,1,0,0,19,0,13,0,0,0,0,0,1,137,15,114,39,0,0,0,0,106,0,0,0,0,0,0,0,0,1,1,0,0,0,4,36,
1,ירושלים,3000,144503,84347,512,83835,3511,5756,17859,779,33,4,8102,17,385,2,2,14,3,7,16,2940,1967,18260,3181,10,9,2,103,4886,16,3,2,4,3,4,6,6,19,342,16,18,0,12635,2913,
18,כמהין,1291,143,95,1,94,23,15,0,0,0,0,3,0,2,0,0,0,0,0,0,12,4,8,11,0,0,0,0,10,0,0,0,0,0,0,0,0,0,0,0,0,0,0,6,
8,כפר גלים,427,106,58,0,58,4,3,1,0,0,0,0,0,2,0,0,0,0,0,0,3,8,24,1,0,0,0,0,8,0,0,0,0,0,0,0,0,0,0,0,0,0,0,4,
3,כפר הנשיא,443,714,404,1,403,93,20,0,3,0,0,5,0,4,0,0,0,0,0,0,44,6,28,72,0,0,0,0,100,0,0,0,0,0,0,0,0,0,11,0,0,0,2,15,
8,כפר חסידים א,112,527,392,1,391,21,56,18,0,0,0,44,0,1,0,0,0,0,0,0,32,20,63,7,0,0,0,0,95,0,0,0,0,0,0,0,0,0,1,0,0,0,12,21,
4,כפר כמא,508,2642,871,13,858,171,2,0,32,0,0,0,0,26,0,0,0,0,1,0,173,20,77,97,0,0,1,26,172,1,0,0,0,0,0,0,0,1,3,1,0,0,4,50,
19,כפר מלל,98,280,223,0,223,37,8,0,0,0,0,3,0,6,0,0,0,0,0,0,48,8,31,27,0,0,0,0,51,0,0,0,0,0,0,0,0,0,0,0,0,0,0,4,
19,כפר סבא,6900,11680,7504,18,7486,772,464,41,7,3,1,257,3,68,0,1,3,0,0,3,789,342,1670,528,0,0,0,2,1844,2,0,1,0,1,0,0,2,1,34,1,1,0,197,448,
11,כפר סירקין,249,989,787,2,785,127,29,0,0,0,0,10,0,11,0,0,0,0,0,1,208,32,74,68,0,0,0,0,187,0,0,0,0,0,0,0,0,0,2,1,0,0,2,33,
2,כפר עציון,3488,488,378,1,377,7,162,2,0,0,0,66,0,0,0,0,0,0,0,0,12,0,85,3,0,0,0,0,13,0,0,0,0,0,0,0,0,0,2,0,0,0,0,25,
3,כפר שמאי,605,337,240,0,240,4,11,4,0,0,0,53,0,0,0,0,0,0,1,0,4,2,109,5,0,0,0,0,11,0,0,0,0,0,0,0,0,0,3,0,0,0,28,5,
12,כרמי יוסף,1264,939,722,0,722,104,23,3,0,0,1,8,0,3,0,0,0,0,0,0,117,22,79,113,0,1,0,0,206,0,0,0,0,0,0,0,0,0,4,0,0,0,2,36,
18,לוטן,1255,166,97,0,97,31,3,0,1,0,1,0,0,1,0,0,0,0,0,0,3,7,5,21,0,0,0,0,22,0,0,0,0,0,0,0,0,0,1,0,0,0,0,1,
17,מבקיעים,573,370,266,1,265,13,29,1,1,0,0,7,0,6,0,0,0,0,0,0,18,3,102,6,0,0,0,0,42,0,0,0,0,0,0,0,0,0,0,0,0,0,16,21,
2,מבשרת ציון,1015,13506,9344,22,9322,699,520,40,21,0,0,502,4,69,0,0,3,0,1,26,852,211,3220,766,1,0,0,2,1334,1,0,0,0,0,0,2,1,1,19,6,0,0,551,470,
5,מגדל העמק,874,12110,7227,59,7168,120,280,104,2,0,0,409,1,36,1,0,2,0,2,2,193,1236,2734,43,2,0,0,1,449,1,0,0,1,0,1,1,0,1,33,2,1,0,1211,299,
12,מודיעיןמכביםרעות,1200,14847,11309,25,11284,817,1724,30,3,0,0,619,3,100,0,0,0,3,1,2,999,363,2484,473,0,0,0,0,2508,1,0,1,0,0,0,1,0,0,34,3,2,0,226,887,
2,מוצא עילית,208,382,271,0,271,55,10,0,4,0,0,6,0,2,0,0,0,0,0,0,53,7,24,38,0,0,0,0,53,0,0,0,0,0,0,0,0,0,0,0,0,0,1,18,
5,מוקייבלה,635,2632,947,17,930,3,0,0,457,0,0,0,0,1,0,0,0,0,0,1,3,0,23,17,0,0,0,419,1,1,2,0,0,0,0,0,1,1,0,0,0,0,0,0,
11,מזור,606,830,638,1,637,95,27,0,2,0,2,3,0,6,0,0,0,0,0,0,108,17,60,52,0,0,0,0,228,0,0,0,0,0,0,0,0,0,1,0,0,0,0,36,
13,מחנה תל נוף,1412,179,131,0,131,12,19,0,0,0,0,1,0,0,0,0,0,0,0,0,24,3,24,7,0,0,0,0,29,0,0,0,0,0,0,0,0,0,1,0,0,0,2,9,
5,מלאה,164,277,220,1,219,3,11,1,0,0,0,10,0,2,0,0,0,0,0,0,6,2,137,1,0,0,0,0,12,0,0,0,0,0,0,0,0,0,0,0,0,0,28,6,
3,מנרה,347,210,147,0,147,56,1,0,0,0,0,0,0,1,0,0,0,0,0,0,22,5,4,24,0,0,0,0,27,0,0,0,0,0,0,0,0,0,2,0,0,0,0,5,
11,מעש,230,669,523,1,522,71,23,4,1,0,3,14,0,11,0,0,0,0,0,0,84,21,95,34,0,0,0,0,138,0,0,0,0,0,0,0,0,0,1,0,0,0,5,17,
3,מרגליות,843,338,189,1,188,5,19,2,0,0,0,6,0,1,0,0,0,0,0,0,23,2,72,5,0,0,0,0,21,0,0,0,0,0,0,0,0,0,2,0,0,0,9,21,
3,משגב עם,378,257,173,0,173,67,2,0,0,0,0,0,0,5,0,0,0,0,0,0,12,15,6,15,0,0,0,0,43,0,0,0,0,0,0,0,0,0,1,0,0,0,0,7,
18,נאות סמדר,1197,262,160,0,160,55,0,0,2,0,0,0,0,2,0,0,0,0,0,0,20,0,11,41,0,0,0,0,20,1,0,0,0,0,0,0,0,0,1,0,1,0,0,6,
3,נווה אטיב,4303,175,105,2,103,7,9,0,0,0,1,3,1,0,0,0,1,0,0,0,10,1,25,5,0,0,0,0,30,0,0,0,0,0,0,0,0,0,0,0,0,0,0,10,
2,נווה דניאל,3725,1572,1164,2,1162,12,526,8,0,0,0,358,0,1,0,0,1,0,0,0,14,3,146,2,0,0,0,0,9,1,1,0,1,0,0,0,0,0,21,2,0,0,4,52,
9,נווה ים,312,210,153,0,153,29,16,0,0,0,0,9,0,5,0,0,0,0,0,0,13,5,39,7,0,0,0,0,20,0,0,0,0,0,0,0,0,0,0,0,0,0,1,9,
5,ניין,523,1371,740,27,713,8,0,0,159,0,0,0,0,1,0,0,0,0,0,0,1,1,358,32,0,0,0,138,12,0,0,0,0,0,0,0,0,0,1,0,0,0,0,2,
17,ניצן ב,1419,276,164,0,164,1,19,1,0,0,1,36,0,0,0,0,0,0,0,0,1,0,73,0,0,0,0,0,9,0,0,0,0,0,0,0,0,0,2,0,0,0,16,5,
18,ניצנה קהילת חינוך,1195,229,63,1,62,6,6,0,1,0,0,3,0,0,0,0,0,0,0,0,9,10,8,3,0,0,0,3,8,0,0,0,0,0,0,0,0,0,4,0,0,0,0,1,
5,סולם,526,2077,824,5,819,7,1,0,418,0,0,0,0,7,0,0,0,0,0,0,6,0,38,65,0,0,0,254,18,0,1,0,0,1,0,0,0,0,0,0,0,0,1,2,
18,סמר,1156,236,142,0,142,44,1,0,0,0,0,0,0,1,0,0,0,0,0,0,9,3,1,63,0,0,0,0,17,0,0,0,0,0,0,0,0,0,2,0,0,0,0,1,
17,עוזה,826,362,260,0,260,1,10,6,0,0,0,44,0,1,0,0,0,0,0,0,6,0,110,0,0,0,0,0,2,0,0,0,0,0,0,0,0,0,0,1,0,0,76,3,
5,עוזייר,528,2104,898,7,891,2,0,0,295,0,0,0,0,4,0,0,0,0,0,0,0,0,17,21,0,0,0,526,1,0,0,0,0,0,0,0,0,1,0,0,0,0,22,2,
3,עין זיוון,4503,295,204,0,204,48,9,0,0,0,0,1,0,3,0,0,0,0,0,0,20,14,22,21,0,0,0,0,44,0,0,0,0,0,0,0,0,0,6,0,0,0,0,16,
3,צפת,8000,21076,11707,94,11613,98,457,1887,63,0,1,1820,2,20,0,0,5,1,21,2,202,647,3469,66,1,3,1,37,316,1,0,0,1,1,3,2,3,8,117,1,4,1,2144,208,
18,קלחים,414,373,279,1,278,50,16,0,0,0,0,7,0,1,0,0,0,0,0,0,18,4,84,29,0,0,0,0,30,0,0,0,0,0,0,0,0,0,1,0,0,0,22,16,
3,קלע,4024,236,145,0,145,19,5,0,0,0,0,2,0,4,0,0,0,0,0,1,7,16,30,7,0,0,0,0,39,0,0,0,0,0,0,0,0,0,3,0,0,0,0,12,
8,קרית ים,9600,28130,14955,119,14836,357,743,52,4,0,2,294,2,131,0,0,2,2,1,5,659,2580,6182,139,5,5,2,7,1917,1,2,1,3,0,9,3,2,2,84,6,1,0,600,1031,
2,קרית יערים,1137,3391,2500,12,2488,9,23,1659,0,0,0,185,0,2,0,0,0,0,0,0,6,0,81,3,0,0,0,0,6,1,0,0,1,1,0,0,0,0,31,0,2,0,468,10,
8,קרית מוצקין,8200,25821,15447,80,15367,715,1060,50,9,4,1,307,9,146,0,1,1,1,2,15,1300,1576,4860,334,3,1,0,3,3198,2,0,2,0,0,2,0,0,2,70,9,1,0,423,1260,
11,ראש העין,2640,32448,24088,77,24011,1172,1647,411,18,1,2,1473,8,253,1,0,1,2,4,3,2618,752,7512,691,2,0,0,3,3728,4,2,2,2,1,2,0,0,1,102,9,2,0,2156,1426,
13,רחובות,8400,4508,2861,11,2850,159,138,82,6,0,0,163,0,36,0,0,0,0,0,0,197,214,885,119,0,0,0,3,405,0,0,0,0,0,0,2,0,2,14,0,0,0,260,165,
12,רמלה,8500,40096,22401,232,22169,414,925,91,1356,21,1,804,2,135,4,4,2,3,4,10,689,593,10270,364,2,4,2,1494,1204,5,1,1,1,7,3,4,6,7,89,7,5,0,2756,879,
19,רעננה,8700,8651,5638,13,5625,408,765,67,11,0,0,299,1,33,0,0,0,0,0,1,557,157,1162,347,0,0,0,0,1285,1,0,0,0,0,0,0,0,0,24,0,1,0,210,296,
5,שבלי  אום אלגנם,913,4323,1612,19,1593,56,0,1,435,0,0,3,1,0,3,0,1,0,0,1,18,8,72,67,0,0,0,812,41,1,1,2,0,0,0,0,1,0,0,0,0,0,18,51,
4,שדה אילן,721,396,319,0,319,3,112,5,0,0,0,57,0,2,0,1,0,0,0,0,22,1,66,0,0,0,0,1,12,0,0,0,0,0,0,0,0,0,1,0,0,0,6,30,
18,שדה צבי,2049,427,317,1,316,34,18,1,0,0,0,19,0,6,0,0,0,0,0,0,29,4,116,9,0,0,0,0,33,0,0,0,0,0,0,0,0,0,3,0,0,0,36,8,
2,שורש,456,1067,476,1,475,64,45,2,0,0,1,10,0,4,0,0,0,0,0,0,41,38,75,52,0,0,0,0,108,0,0,0,0,0,0,0,0,0,4,0,0,0,3,28,
3,שעל,4009,224,167,2,165,21,5,0,0,0,2,9,0,1,0,0,0,0,0,0,14,7,41,4,0,0,0,0,39,0,0,0,0,0,0,0,0,0,3,0,0,0,6,13,
9,שער מנשה,921,122,13,0,13,0,1,0,0,0,0,1,0,0,0,0,0,0,0,0,1,0,6,0,0,0,0,0,0,0,0,0,0,0,0,0,0,0,0,0,0,0,4,0,
3,שפר,846,327,209,2,207,11,7,3,0,0,1,12,0,4,0,0,0,0,0,0,12,6,111,5,0,0,0,0,15,0,0,0,0,0,0,0,0,0,2,0,0,0,11,7,
5,תל יוסף,84,369,276,0,276,72,5,0,0,0,0,4,0,8,0,0,0,0,0,0,53,8,10,32,0,0,0,0,71,0,0,0,0,0,0,0,0,0,4,0,0,0,2,7,
2,תלם,3719,215,156,0,156,1,30,3,0,0,0,88,0,1,0,0,1,0,0,0,0,1,22,0,0,0,0,0,2,1,0,0,0,0,0,0,0,0,0,0,0,0,1,5,
17,אור הנר,67,625,483,2,481,130,28,0,1,0,0,2,0,4,0,0,0,0,0,0,97,19,26,52,0,0,0,0,100,0,0,0,0,0,0,0,0,1,0,0,0,0,0,21,
12,אחיעזר,797,405,334,1,333,1,17,6,0,0,0,31,0,0,0,0,0,0,0,0,1,0,113,0,0,0,0,0,2,0,0,0,0,0,0,0,0,0,4,0,0,0,154,4,
3,איילת השחר,77,813,576,2,574,170,13,1,0,0,0,2,1,7,1,0,0,0,0,0,76,25,48,61,0,0,0,0,140,1,0,0,0,0,0,0,0,0,2,0,0,0,1,25,
3,אלוני הבשן,4017,213,151,3,148,5,42,1,0,0,1,44,0,0,0,0,0,0,0,0,2,0,36,0,0,0,0,0,3,0,0,0,0,0,0,0,0,0,7,0,0,0,1,6,
17,אליאב,1365,262,240,1,239,39,55,0,0,0,0,6,0,3,0,0,0,0,0,0,36,0,17,12,0,0,0,0,31,0,0,0,0,0,0,0,0,0,0,0,0,0,2,38,
2,אלעזר,3618,1485,1124,0,1124,13,426,3,0,0,0,397,0,3,0,0,0,0,0,0,9,1,189,2,0,0,0,0,10,0,0,0,0,0,0,0,0,0,3,0,0,0,11,57,
4,אפיקים,176,1094,729,3,726,278,16,2,1,0,0,1,0,5,0,0,1,0,0,0,74,29,37,92,0,0,0,0,164,0,0,0,0,0,0,0,0,0,2,1,0,0,3,20,
17,ארז,714,451,324,1,323,92,14,0,0,0,0,2,0,6,0,0,0,0,0,0,68,11,15,45,0,0,0,0,55,0,0,0,0,0,0,0,0,0,0,0,0,0,1,14,
2,בית אל,3574,1461,1121,2,1119,2,99,12,0,0,1,904,0,2,0,0,0,0,0,0,1,1,64,1,0,0,0,0,0,0,0,0,0,0,0,0,0,0,8,0,0,0,14,10,
5,בלפוריה,94,420,331,0,331,39,21,0,1,0,0,11,0,10,0,0,0,0,0,1,55,20,52,25,0,0,0,0,65,0,0,0,0,0,0,0,0,0,2,0,0,0,3,26,
15,בני ברק,6100,55290,40143,368,39775,105,341,23525,4,1,0,1750,1,38,1,0,2,0,2,2,150,204,1580,49,3,0,0,4,281,4,0,1,0,1,1,0,0,1,25,1,3,0,11524,171,
9,בסמה,1326,3726,1375,35,1340,5,0,0,663,0,0,0,0,3,1,1,0,0,1,1,2,0,31,44,1,0,0,563,9,0,0,1,0,2,0,0,0,1,0,0,0,0,10,1,
5,גבע,86,524,383,0,383,128,5,0,0,0,0,1,0,3,0,0,0,0,0,0,72,11,8,43,0,0,0,0,106,0,0,0,0,0,0,0,0,0,1,0,0,0,0,5,
18,גילת,736,530,362,1,361,4,39,1,0,0,0,20,1,4,0,0,0,0,0,0,41,4,175,4,0,0,0,0,24,0,0,0,0,0,0,0,0,0,2,0,0,0,16,26,
12,גמזו,745,682,535,2,533,11,199,7,0,0,0,160,0,1,0,0,0,0,0,0,9,1,93,6,0,0,0,0,10,0,0,0,0,0,0,0,0,0,1,0,0,0,20,15,
11,גני תקווה,229,6032,4480,18,4462,400,216,32,4,0,1,118,0,60,0,0,0,0,0,0,594,137,867,275,0,0,0,0,1247,1,0,0,1,1,0,0,1,2,16,0,1,0,230,258,
4,האון,702,148,85,0,85,29,4,1,0,0,0,0,0,1,0,0,0,0,0,0,4,1,12,4,0,0,0,0,17,0,0,0,0,0,0,1,0,0,3,0,0,0,2,6,
19,חגור,717,726,579,1,578,68,48,1,0,0,1,15,0,6,0,0,0,0,0,0,63,11,110,29,1,0,0,0,171,0,0,0,0,0,0,0,0,1,5,1,0,0,9,38,
16,חולון,6600,26512,15699,91,15608,723,884,138,8,0,1,470,2,181,0,2,0,1,1,6,1077,1072,5334,364,1,0,1,0,2682,7,2,1,0,1,0,1,1,1,66,7,1,0,1562,1010,
3,חצור הגלילית,2034,7286,4854,24,4830,62,214,754,0,0,0,306,0,21,0,0,0,0,0,0,122,183,2219,15,0,0,0,1,104,0,1,0,0,0,0,0,0,0,17,2,0,0,673,136,
13,יבנה,2660,1005,592,3,589,6,25,7,1,0,0,36,0,1,0,0,0,0,0,1,30,42,265,4,0,0,0,0,36,0,1,0,0,0,0,0,0,0,1,0,1,0,116,16,
11,יהודמונוסון,9400,16185,11392,44,11348,648,766,63,2,2,2,380,4,146,0,0,0,0,0,0,1204,317,3990,427,1,0,0,1,2182,0,0,0,1,2,0,1,0,5,34,4,0,0,489,677,
5,יפעת,134,845,634,1,633,149,19,0,3,0,0,4,0,7,0,0,0,0,0,1,79,22,61,69,0,0,0,0,185,0,0,0,0,0,0,0,0,0,1,0,0,0,3,30,
3,יראון,623,367,213,2,211,76,7,0,0,0,0,0,0,5,0,0,0,0,0,0,22,4,5,25,0,1,0,0,53,0,0,0,0,0,0,0,0,0,3,0,0,0,0,10,
2,כוכב יעקב,3779,4098,3165,20,3145,6,137,564,1,1,1,977,1,2,0,0,0,0,0,0,2,0,269,0,0,0,0,0,5,0,0,0,0,0,0,0,1,0,26,0,2,0,1135,15,
5,כעביהטבאשחגאגרה,978,3807,1540,8,1532,11,1,0,185,0,0,1,0,4,0,0,0,1,0,2,11,0,212,37,0,1,0,1021,18,1,0,1,0,0,1,1,0,0,0,0,0,0,5,18,
5,כפר יחזקאל,85,733,591,2,589,108,25,1,2,0,0,7,0,13,0,0,0,0,0,0,138,18,49,36,0,0,0,0,163,0,0,0,0,0,0,0,0,0,4,0,0,0,2,23,
18,כפר מימון,1095,446,358,0,358,5,115,1,0,0,0,135,0,0,0,0,0,0,0,0,7,1,75,3,0,0,0,0,2,0,0,0,0,0,0,0,0,0,1,0,0,0,2,11,
5,מגידו,586,650,483,0,483,112,10,0,1,0,0,2,0,5,0,0,0,0,0,0,71,5,36,76,0,0,0,0,141,0,0,0,0,0,0,0,0,0,0,0,0,0,1,23,
5,מרחביה קיבוץ,66,940,665,2,663,74,34,0,0,0,0,8,0,5,0,0,0,0,0,1,68,51,140,108,0,0,0,0,129,0,1,0,0,0,0,0,0,0,2,0,0,0,4,38,
13,נס ציונה,7200,902,534,3,531,23,34,8,0,0,0,15,0,1,0,0,1,0,0,0,61,15,207,15,0,1,0,0,70,0,0,0,0,0,0,0,0,1,0,1,0,0,44,34,
5,נצרת,7300,23392,8751,99,8652,56,2,1,5399,0,1,0,0,29,7,1,0,0,1,4,20,11,344,345,3,0,1,2256,102,0,1,6,1,0,0,1,2,5,4,2,0,0,10,37,
8,נשר,2500,15813,9400,51,9349,367,454,30,24,1,0,166,4,103,0,0,1,1,0,5,600,1358,3140,232,3,1,1,4,1679,0,1,1,0,2,2,0,1,1,43,4,0,0,475,645,
18,סוסיה,3756,704,508,0,508,1,169,4,0,0,0,282,0,0,0,0,0,0,0,0,0,1,39,1,0,0,0,0,0,0,0,0,0,0,0,0,0,0,6,0,0,0,2,3,
9,עין איילה,687,767,555,3,552,84,21,0,0,0,0,5,0,13,0,0,0,0,0,0,87,12,55,84,0,0,0,0,157,0,0,0,0,0,0,0,0,0,3,0,0,0,2,29,
5,עין דור,436,922,578,0,578,102,12,1,0,0,0,4,0,7,0,0,0,0,0,0,68,30,21,159,0,0,0,0,147,0,0,0,0,0,0,0,0,0,9,1,0,0,0,17,
5,עין חרוד איחוד,89,513,381,0,381,107,12,2,0,0,0,2,0,1,0,0,0,0,0,0,54,12,16,41,0,0,0,0,121,0,0,0,0,0,0,0,0,0,2,0,0,0,0,11,
9,פרדס חנהכרכור,7800,18076,12346,47,12299,1713,643,65,39,0,0,419,2,148,0,0,0,0,2,6,1056,522,3231,971,0,1,1,3,2194,4,0,1,0,2,1,1,4,0,115,3,1,0,537,614,
2,קרית ארבע,3611,2479,1592,8,1584,10,126,14,0,0,0,711,0,4,0,0,0,0,0,0,3,47,564,5,0,0,0,0,16,0,0,0,0,0,0,0,0,3,12,0,0,0,39,30,
3,קרית שמונה,2800,15368,8739,67,8672,207,494,35,11,1,1,473,3,40,0,0,1,0,1,5,358,778,4404,93,3,0,0,4,460,3,0,2,0,0,1,0,0,1,24,2,3,0,781,483,
13,ראשון לציון,8300,4574,2779,9,2770,140,181,18,2,0,0,71,1,38,0,0,1,0,0,2,208,316,821,73,0,0,1,0,543,0,1,0,0,0,0,0,0,0,20,1,0,0,120,212,
18,רביבים,354,712,439,2,437,141,24,0,2,0,0,3,0,6,0,0,0,0,0,0,54,34,25,43,0,0,0,0,87,1,0,0,0,0,0,0,0,0,6,0,0,0,0,11,
8,רכסים,922,3720,3029,17,3012,6,11,1305,0,0,0,45,0,4,0,0,0,0,0,0,11,19,222,3,0,0,0,0,30,0,0,0,0,0,0,0,0,0,2,0,1,0,1342,11,
15,רמת גן,8600,29800,19147,66,19081,1897,1170,125,50,1,1,611,2,292,0,0,0,0,0,7,2187,876,4209,1366,1,1,0,7,4417,1,1,0,0,2,0,0,2,1,91,12,4,0,591,1156,
3,שדה אליעזר,861,643,439,1,438,38,28,2,1,1,0,17,0,10,0,0,0,0,0,1,58,10,112,10,0,0,0,0,86,0,0,0,0,0,0,0,0,0,11,0,0,0,1,52,
5,שמשית,1337,1913,1364,0,1364,222,53,3,2,0,0,12,0,6,0,0,0,0,0,0,236,31,108,171,0,0,0,0,438,0,0,0,0,0,0,0,0,0,2,0,0,0,5,75,
12,שעלבים,856,778,638,1,637,6,113,15,0,0,0,409,0,1,0,0,0,0,0,0,3,1,52,2,0,0,0,0,5,0,0,0,0,0,0,0,0,0,6,0,0,0,18,6,
8,אבטין,652,1876,658,5,653,3,0,1,165,0,0,0,0,1,0,0,1,1,0,0,0,1,59,6,0,0,0,383,8,0,0,0,0,0,0,0,1,1,1,0,0,0,2,19,
10,אבן יהודה,182,2870,2083,6,2077,278,71,8,4,0,1,37,0,15,0,0,0,2,0,0,305,42,389,156,0,1,0,0,602,0,0,0,0,0,0,0,0,0,7,3,0,0,22,134,
17,אבן שמואל,400,468,398,1,397,1,68,3,0,0,0,157,0,2,0,0,0,0,0,0,0,0,120,2,0,0,0,0,1,0,0,0,0,0,0,0,0,0,2,0,1,0,33,7,
16,אזור,565,515,305,2,303,21,19,1,0,0,0,14,0,2,0,0,0,0,0,0,24,13,130,6,0,0,0,1,38,0,0,0,0,0,0,1,0,0,1,0,0,0,24,8,
4,אילניה,49,460,312,1,311,38,24,1,0,0,0,8,1,9,0,1,0,0,0,1,17,13,97,11,0,0,0,0,55,1,0,0,0,0,0,0,0,0,1,0,0,0,2,31,
2,אלון שבות,3604,2231,1666,4,1662,18,663,11,0,1,0,559,0,5,0,0,0,0,1,0,34,2,218,7,0,0,0,1,21,0,0,0,0,0,0,1,0,0,13,1,0,0,16,90,
2,אלמוג,3556,189,125,0,125,34,12,0,0,0,0,2,0,0,0,0,0,0,0,0,17,0,13,3,0,1,0,0,28,0,0,0,0,0,0,0,0,0,1,0,0,0,0,14,
17,אמונים,772,356,264,1,263,15,9,0,1,0,1,9,0,4,0,0,0,0,0,0,41,10,76,6,0,0,0,0,43,0,0,0,0,0,0,0,0,0,1,0,0,0,24,23,
3,אמירים,1064,612,391,2,389,79,28,1,5,0,1,15,0,6,0,0,0,0,0,0,31,8,32,74,0,0,0,0,70,0,1,0,0,0,0,0,0,0,18,0,1,0,4,15,
6,אעבלין,529,6178,3053,17,3036,32,0,0,1914,1,0,2,0,41,1,1,11,1,0,0,5,8,167,118,1,2,0,660,49,1,1,1,0,1,0,0,0,0,2,0,3,0,2,11,
4,ארבל,701,477,333,0,333,32,28,3,0,0,0,11,0,2,0,0,0,0,0,0,60,11,101,12,0,0,0,0,46,0,0,0,0,0,0,0,0,0,1,0,0,0,7,19,
10,בית הלוי,373,537,417,0,417,85,18,0,0,0,0,4,0,2,0,0,0,0,0,0,51,12,33,44,0,0,0,0,140,0,0,2,0,0,0,0,0,0,1,0,0,0,1,24,
2,בית הערבה,3645,204,166,1,165,19,52,0,0,0,0,4,0,0,0,0,0,0,0,0,15,8,35,2,0,0,0,0,16,0,0,0,0,0,0,0,0,0,1,0,0,0,2,11,
2,בית זית,710,1173,857,1,856,166,70,10,1,1,1,13,0,7,0,0,0,0,0,0,108,24,140,95,0,1,0,0,169,0,0,0,0,0,0,0,0,0,2,0,0,1,10,37,
3,בר יוחאי,1191,649,400,0,400,1,66,16,0,0,0,156,0,3,0,0,0,0,0,0,2,1,103,0,0,0,0,0,4,0,0,0,0,0,0,0,0,0,4,0,0,0,41,3,
6,גדיידהמכר,1292,9212,3822,24,3798,12,0,0,2576,0,0,0,2,2,4,0,0,0,0,2,8,2,97,122,0,0,0,911,38,1,0,1,1,1,1,1,2,0,1,0,0,0,8,5,
2,גבעון החדשה,3644,1002,695,3,692,29,115,3,0,0,0,18,0,9,0,0,0,0,0,0,55,30,222,21,1,0,0,1,102,0,0,0,0,0,0,0,0,1,7,1,2,0,14,61,
4,גבעת אבני,1293,1699,1164,1,1163,39,90,3,0,0,0,43,0,15,0,3,0,0,0,0,128,37,413,37,1,0,0,0,199,1,0,0,0,0,0,0,0,0,4,1,0,0,56,93,
2,גבעת זאב,3730,6489,4832,24,4808,61,356,979,0,0,0,647,0,17,0,0,1,0,0,0,89,69,1185,27,1,0,0,0,185,0,0,0,0,0,0,0,0,0,25,0,0,0,1006,160,
15,גבעתיים,6300,7301,4955,9,4946,763,224,11,17,0,0,83,3,62,0,0,0,1,0,1,638,155,778,548,0,0,0,0,1295,1,1,0,0,0,0,0,0,0,13,1,0,0,50,301,
3,גדות,35,372,244,1,243,85,1,0,0,0,0,1,0,1,0,0,0,0,0,0,36,6,6,35,0,0,0,0,66,0,0,0,0,0,0,0,0,0,1,0,0,0,0,5,
6,גיתה,1206,206,140,1,139,28,8,0,1,0,0,2,0,1,0,0,0,0,0,0,6,19,27,10,0,0,0,0,26,0,0,0,0,0,0,0,0,0,3,0,0,0,0,8,
2,גלגל,3606,162,88,0,88,4,11,2,0,0,0,3,0,0,0,0,0,0,0,0,5,2,28,4,0,0,0,0,19,0,0,0,0,0,0,0,0,0,1,0,0,0,0,9,
15,גליל ים,346,353,276,0,276,84,4,0,3,0,0,0,0,3,0,0,0,0,0,0,59,6,8,23,0,0,0,1,71,0,0,0,0,0,0,0,0,0,1,0,0,0,9,4,
5,גן נר,1274,2152,1479,6,1473,114,116,0,2,0,0,37,0,15,0,0,1,0,0,0,136,52,516,49,0,0,0,0,310,0,0,1,0,0,0,0,0,0,4,0,0,0,27,93,
4,דגניה ב,79,572,407,0,407,111,12,1,0,0,0,3,0,3,0,0,0,0,0,0,62,10,28,45,0,0,0,0,119,0,0,0,0,0,0,1,0,0,0,0,0,0,0,12,
9,דור,738,287,223,0,223,37,5,0,0,0,0,0,0,3,0,0,0,0,0,0,33,8,47,17,0,0,0,0,57,0,0,0,0,0,0,0,0,0,2,0,0,0,1,13,
9,הבונים,675,305,211,0,211,60,4,0,0,0,0,2,0,3,0,0,0,0,0,0,31,4,8,20,0,0,0,0,60,0,0,0,0,0,0,0,0,0,2,0,0,0,2,15,
9,החותרים,434,598,462,1,461,127,10,0,1,0,0,1,0,2,0,0,0,0,0,0,73,13,20,79,0,0,0,0,122,0,0,0,0,0,0,0,0,0,1,0,0,0,2,10,
2,ורד יריחו,3639,255,192,2,190,12,22,0,1,0,0,11,0,6,0,0,0,0,0,0,8,7,80,1,0,0,0,0,15,0,0,0,0,0,0,0,0,0,2,0,0,0,5,20,
17,זוהר,44,269,193,3,190,4,13,6,0,0,0,10,0,3,0,0,0,0,0,0,14,1,107,0,0,0,0,0,8,0,0,0,0,0,0,0,0,0,0,0,0,0,22,2,
9,זכרון יעקב,9300,10606,7539,16,7523,807,521,194,11,1,0,202,0,54,0,0,0,0,0,2,850,208,1181,678,2,2,0,0,1937,3,0,0,0,0,0,0,1,0,42,1,1,0,335,490,
18,זמרת,1065,385,332,0,332,1,24,5,0,0,0,75,0,0,0,0,0,0,0,0,9,0,172,0,0,0,0,0,2,0,0,0,0,0,0,0,0,0,1,0,0,0,38,5,
2,זנוח,816,409,277,0,277,6,19,3,0,0,0,19,0,1,0,0,0,0,0,0,3,2,155,2,0,0,0,0,6,0,0,0,0,0,0,0,0,0,0,0,0,0,45,16,
12,חדיד,618,630,494,2,492,20,40,11,0,0,0,56,0,5,0,0,0,0,0,0,17,6,229,6,0,0,0,0,36,0,0,0,0,0,0,0,0,0,4,0,0,0,40,22,
6,חוסן,662,382,255,0,255,7,16,2,0,0,0,10,1,1,0,0,0,0,0,0,9,5,137,7,0,0,0,0,23,0,0,0,0,0,0,0,0,0,3,0,0,0,12,22,
6,חורפיש,496,1482,642,6,636,10,10,0,25,0,1,0,0,1,0,0,0,0,0,3,236,189,38,26,0,0,0,0,35,0,0,0,0,0,0,0,0,0,0,0,0,0,2,60,
3,חזון,1047,258,203,0,203,0,11,7,0,0,0,12,0,0,0,0,0,0,0,0,5,0,127,3,0,0,0,0,3,0,0,0,0,0,0,0,0,0,0,0,0,0,29,6,
12,חשמונאים,3770,1137,822,7,815,10,296,13,1,0,0,248,0,5,0,0,0,0,0,0,7,3,148,2,1,0,0,0,11,0,0,0,0,0,0,0,0,0,3,0,1,0,32,34,
6,טמרה,8900,9391,4977,29,4948,6,0,86,2192,1,0,1,0,12,2,0,1,0,1,0,22,2,30,63,0,0,0,2490,26,0,1,0,0,0,0,0,0,1,1,0,1,0,5,4,
17,יד מרדכי,358,338,244,0,244,29,10,0,1,0,0,1,0,0,0,0,0,0,0,0,33,1,12,75,0,0,0,0,68,0,0,0,0,0,0,0,0,0,0,0,0,0,1,13,
18,יושיביה,803,354,270,1,269,3,13,3,0,0,1,49,0,0,0,0,0,0,0,0,2,2,98,0,0,0,0,0,1,0,0,0,0,0,0,0,0,0,0,0,0,0,95,2,
12,יציץ,759,578,428,0,428,21,26,0,0,0,1,17,0,0,0,0,0,0,0,0,17,6,256,7,0,0,0,0,27,0,0,0,0,0,0,0,0,0,3,0,0,0,25,22,
19,ירחיב,718,405,282,2,280,12,37,1,0,0,0,15,0,2,0,0,0,0,0,0,13,2,139,4,0,0,0,0,22,0,0,0,0,0,0,0,0,0,2,0,0,0,13,18,
3,כחל,1210,356,262,0,262,40,25,1,1,0,0,3,0,2,0,0,0,0,1,0,51,11,20,20,0,0,0,0,60,0,0,0,0,0,0,0,0,0,2,0,0,0,3,22,
17,כפר אחים,690,541,426,2,424,16,35,0,0,0,0,15,0,0,0,0,0,0,0,0,132,9,113,11,0,0,0,0,61,0,0,0,0,0,0,0,0,0,0,0,0,0,12,20,
12,כפר האורנים,3796,1116,839,1,838,111,62,4,0,0,0,7,0,4,0,0,0,0,0,0,157,21,96,48,1,0,0,0,274,0,0,0,0,0,0,0,0,0,1,0,0,0,3,49,
17,כפר ורבורג,320,362,281,0,281,31,17,0,1,0,0,6,0,2,0,0,0,0,0,0,56,3,42,22,0,0,0,0,89,0,0,0,0,0,0,0,0,0,1,0,0,0,4,7,
5,כפר מצר,512,1865,871,9,862,100,0,0,267,0,0,0,0,2,1,0,0,1,0,0,2,0,56,67,0,0,0,293,46,0,0,0,1,0,0,0,2,0,0,0,0,0,5,19,
13,כפר מרדכי,764,471,361,0,361,72,6,0,0,1,0,2,0,0,0,0,0,0,0,0,63,12,32,46,0,0,0,0,116,0,0,0,0,0,0,0,0,0,1,0,0,0,1,9,
9,כפר קרע,654,10976,5006,40,4966,13,1,0,2699,0,0,0,0,3,3,1,0,0,0,0,3,3,62,221,0,0,1,1794,32,0,0,0,0,9,0,0,1,1,4,0,2,0,104,9,
12,מבוא חורון,3709,401,334,0,334,0,24,28,0,0,0,224,0,0,0,0,0,0,0,0,1,0,24,0,0,0,0,0,1,0,0,0,0,0,0,0,0,0,3,0,0,0,27,2,
3,מגדל שמס,4201,962,169,1,168,10,1,0,3,1,0,0,0,0,2,0,0,0,0,0,24,15,65,6,0,0,0,2,35,0,0,0,0,0,0,0,0,0,0,1,0,0,0,3,
9,מגדים,689,811,610,2,608,51,38,2,0,0,1,10,1,6,0,0,0,0,0,1,83,17,165,24,0,0,0,0,131,0,0,0,0,0,0,0,0,0,7,0,0,0,27,44,
5,מולדת,269,844,607,0,607,124,17,2,0,0,0,1,0,12,0,0,0,0,0,0,107,18,43,49,0,0,0,0,196,1,0,0,0,0,0,0,0,0,3,0,0,0,2,32,
5,מזרע,104,705,507,0,507,102,9,1,0,0,0,0,0,4,0,0,0,0,0,0,89,2,11,167,0,0,0,0,110,0,0,0,0,0,0,0,0,0,0,0,0,0,0,12,
5,מירב,1282,430,327,0,327,5,151,0,0,0,0,86,1,0,0,0,0,0,0,0,12,0,45,6,0,0,0,0,5,0,0,0,0,0,0,0,0,0,5,0,0,0,2,9,
3,מלכיה,596,423,249,1,248,88,7,0,0,0,0,1,0,5,0,0,0,0,0,0,32,4,13,37,0,0,0,0,49,0,0,0,0,0,0,0,0,0,2,0,0,0,3,7,
5,מנשית זבדה,994,886,396,5,391,1,0,0,73,0,0,0,0,1,1,0,0,0,0,0,0,0,23,31,0,0,0,246,12,0,0,0,1,0,0,0,0,0,0,0,0,0,1,1,
4,מסדה,263,273,172,0,172,34,10,0,1,0,0,0,0,3,0,0,0,0,0,0,35,11,8,19,0,0,0,1,36,1,0,1,0,0,0,0,0,0,1,0,0,0,0,11,
2,מעלה עמוס,3653,381,286,0,286,0,20,152,0,0,0,72,0,0,0,0,0,0,0,0,0,0,11,1,0,0,0,0,1,0,0,0,0,0,0,0,0,0,2,0,0,0,26,1,
6,מעלותתרשיחא,1063,6815,3928,28,3900,58,199,22,831,0,0,269,0,21,1,0,3,0,0,1,75,527,964,101,0,0,0,147,286,0,1,0,0,0,0,0,0,0,23,2,0,0,197,172,
4,מצפה נטופה,1190,332,251,1,250,12,111,2,1,0,0,32,0,3,0,0,0,0,0,0,13,2,29,2,0,0,0,0,7,0,1,0,0,0,0,0,0,0,1,0,0,0,1,33,
3,משמר הירדן,732,568,397,2,395,29,27,0,0,0,0,23,0,6,0,0,0,0,0,0,19,16,189,11,0,0,0,0,44,0,0,0,0,0,0,0,0,0,4,0,0,0,10,17,
6,מתת,1184,174,114,0,114,32,2,0,4,0,0,3,0,0,0,0,0,0,0,0,11,5,7,29,0,0,0,0,12,0,0,0,0,0,0,0,0,0,3,0,0,0,0,6,
17,נגבה,315,354,243,0,243,37,5,1,1,0,0,2,0,3,0,0,0,0,0,0,40,10,15,60,0,0,0,0,55,0,0,0,0,0,0,0,0,0,0,0,0,0,0,14,
5,נהלל,80,764,583,0,583,112,13,0,1,0,0,4,0,3,0,0,0,0,0,0,84,18,44,60,0,0,0,0,222,0,0,0,0,1,0,0,0,1,1,0,0,0,0,19,
18,נווה זוהר,1057,55,25,0,25,1,3,0,1,0,0,3,0,0,0,0,0,0,0,0,1,0,8,4,0,0,0,0,4,0,0,0,0,0,0,0,0,0,0,0,0,0,0,0,
19,נווה ירק,858,365,294,0,294,39,13,0,0,0,0,0,0,4,0,0,0,0,0,0,57,12,29,17,0,0,0,0,107,0,0,0,0,0,0,0,0,0,1,0,0,0,0,15,
2,נווה מיכאל,1071,473,337,0,337,4,33,10,1,0,1,42,0,0,0,0,0,0,0,0,9,3,163,3,0,0,0,0,15,0,0,0,0,0,0,0,0,0,0,0,0,0,28,25,
2,נוקדים,3726,1289,944,5,939,10,287,16,1,0,0,233,0,2,0,0,0,0,0,0,13,66,222,4,0,0,0,0,21,1,0,0,0,0,0,0,0,2,11,0,0,0,8,42,
2,נחשון,777,474,353,1,352,55,6,0,2,0,0,1,0,4,0,0,0,0,0,0,19,2,17,159,0,0,0,0,79,1,0,0,0,0,0,0,1,0,2,0,0,0,2,2,
4,נטור,4014,270,206,0,206,18,74,1,0,0,0,16,0,2,0,0,0,0,0,0,12,7,26,9,0,0,0,0,21,0,0,0,0,0,0,0,0,0,1,0,0,0,2,17,
2,נס הרים,825,406,290,0,290,15,25,1,1,0,2,22,0,3,0,0,0,1,0,0,44,3,107,7,0,0,0,0,17,0,0,0,0,0,0,0,0,0,3,0,0,0,15,24,
12,נעלה,3787,459,345,3,342,15,45,1,0,0,0,11,0,6,0,0,0,0,0,0,18,22,120,5,0,0,0,0,60,0,0,0,0,0,0,0,0,0,3,1,0,0,3,32,
2,נעמה,3713,148,92,0,92,6,14,0,0,0,0,3,0,0,0,0,0,0,0,0,12,0,28,1,0,0,0,0,12,0,0,0,0,0,0,0,0,0,1,0,0,0,1,14,
12,נען,158,445,335,0,335,135,8,0,1,0,1,1,1,2,0,0,0,0,0,0,42,8,24,46,0,0,0,0,60,0,0,0,0,0,0,0,0,0,0,0,0,0,0,6,
2,נתיב הגדוד,3555,236,156,0,156,32,18,0,0,0,0,4,0,0,1,0,0,0,0,0,29,6,26,7,0,0,0,0,17,0,0,0,0,0,0,0,0,0,0,0,0,0,0,16,
10,נתניה,7400,51174,28512,177,28335,892,1682,675,14,5,3,1160,7,267,0,3,0,2,7,7,1857,2404,10143,481,5,3,2,9,4076,9,0,3,1,2,7,2,6,4,123,4,3,0,2989,1478,
3,סאסא,578,417,304,0,304,71,3,1,1,0,0,1,0,1,0,0,0,0,0,1,30,12,8,119,0,0,0,0,55,0,0,0,0,0,0,0,0,0,0,0,0,0,0,1,
3,עגר,4501,1759,851,7,844,11,1,0,22,0,0,3,0,0,0,0,0,0,0,0,2,12,258,13,0,0,0,24,100,0,1,2,0,0,0,0,1,0,3,0,0,0,256,135,
19,עדנים,2035,293,230,2,228,27,13,0,0,0,0,5,0,4,0,0,0,0,0,0,35,1,33,28,1,0,0,0,71,0,0,0,0,0,0,0,0,0,1,0,0,0,0,9,
4,עיילבון,530,3620,2102,18,2084,30,1,1,1100,0,0,0,0,3,2,1,0,0,0,0,22,8,189,235,0,0,0,281,72,1,0,1,0,0,0,0,1,0,0,0,1,0,74,61,
2,עין ראפה,514,685,257,8,249,9,1,0,123,0,0,0,0,2,0,0,0,0,0,0,2,0,10,21,0,0,0,59,4,0,0,2,0,0,0,0,0,0,0,0,0,0,15,1,
6,עכו,7600,25251,13031,138,12893,185,417,45,1975,1,1,449,3,59,5,0,0,1,1,2,276,1240,4927,171,2,2,16,916,646,1,1,1,3,1,3,3,5,1,46,2,3,0,907,576,
13,עשרת,591,492,361,4,357,46,16,0,1,0,0,4,0,0,0,0,0,0,0,0,59,11,41,36,0,0,0,0,125,0,0,0,0,0,0,0,0,0,1,0,0,0,1,16,
5,ציפורי,613,682,492,1,491,81,28,2,1,0,0,4,0,1,0,0,1,0,0,0,77,14,57,52,0,0,0,0,131,0,0,0,0,0,0,0,0,0,3,0,0,0,1,38,
5,צנדלה,636,1266,337,4,333,0,0,0,177,0,0,0,0,0,0,0,0,0,0,0,0,0,4,5,0,1,0,138,8,0,0,0,0,0,0,0,0,0,0,0,0,0,0,0,
2,קליה,3601,325,220,1,219,26,31,0,1,0,0,2,0,1,0,0,0,0,0,0,29,10,35,6,0,0,0,0,59,0,0,0,0,0,0,0,0,0,0,1,0,0,0,18,
5,רומת הייב,997,1417,510,10,500,11,0,0,49,0,0,0,0,1,1,0,0,0,0,0,22,1,53,7,0,0,0,232,9,0,0,0,0,0,1,0,0,0,0,0,0,0,92,21,
3,ריחאניה,540,945,430,10,420,63,1,0,26,0,0,0,0,7,0,0,0,0,0,1,77,41,48,26,0,0,0,28,68,0,0,0,0,0,0,0,0,0,0,0,0,0,4,30,
5,רמת דוד,135,375,292,0,292,81,5,0,1,0,0,4,0,3,0,0,0,0,0,0,44,6,22,38,0,0,0,1,74,0,0,0,0,0,0,0,0,0,0,1,0,0,0,12,
5,רמת השופט,335,743,525,2,523,114,14,0,1,0,0,2,0,1,0,0,0,0,0,0,65,17,26,126,0,0,0,0,131,0,0,0,0,0,0,0,0,0,8,0,0,0,1,17,
18,שני,1287,366,240,3,237,15,22,0,0,0,0,10,0,5,0,0,0,0,0,0,16,27,60,8,0,0,0,0,41,1,0,1,0,0,0,0,0,0,2,0,0,0,1,28,
14,תל אביב  יפו,5000,9955,5642,11,5631,853,202,33,219,0,1,94,0,47,0,1,0,0,0,5,571,196,928,808,1,0,0,71,1133,1,2,0,0,0,1,0,0,1,21,3,0,0,258,181,
18,תראבין אצאנעישוב,1346,617,246,1,245,1,0,0,8,0,0,0,0,0,0,0,0,0,0,1,0,0,159,4,0,0,0,69,0,0,0,0,0,0,0,0,1,0,0,0,0,0,2,0,
2,אבן ספיר,783,503,352,0,352,13,17,0,0,0,6,12,0,3,0,0,0,0,0,0,22,6,167,15,0,0,0,0,34,0,0,0,0,0,0,0,0,0,8,0,0,0,17,32,
10,אודים,446,420,338,0,338,61,8,0,1,0,0,2,0,1,0,0,0,0,0,0,63,20,40,44,0,0,0,0,86,0,0,0,0,0,0,0,0,0,1,0,0,0,2,9,
6,אחיהוד,785,343,259,0,259,1,15,2,0,0,0,37,0,3,0,0,0,0,0,0,4,2,140,1,0,0,0,0,5,0,0,0,0,0,0,0,0,0,1,0,0,0,39,9,
6,אלקוש,603,245,141,0,141,3,2,0,1,0,0,9,0,0,0,0,0,0,0,0,6,3,78,1,0,0,0,0,4,0,0,0,0,0,0,0,0,0,1,0,0,0,28,5,
17,באר גנים,1376,537,426,0,426,5,79,4,0,0,0,101,0,3,0,0,0,0,0,0,9,3,152,1,0,0,0,0,22,1,0,0,0,0,0,0,0,0,1,0,0,0,32,13,
6,בוסתן הגליל,559,733,552,0,552,61,41,0,0,0,1,9,1,4,0,0,0,0,0,0,70,13,134,33,0,0,0,0,106,0,0,0,0,0,0,0,0,0,4,1,1,0,23,50,
6,ביר אלמכסור,998,2505,980,8,972,13,0,0,45,0,0,0,0,0,1,1,0,0,1,0,5,7,75,1,0,0,0,751,55,0,0,0,0,0,0,1,0,0,0,0,0,0,9,7,
10,בני דרור,386,479,193,1,192,22,12,0,0,0,0,3,0,1,0,0,0,0,0,0,30,7,27,21,0,0,0,0,56,0,0,0,0,0,0,0,0,0,3,0,0,0,0,10,
18,ברוש,2060,356,251,2,249,11,27,1,0,0,0,9,0,4,0,0,0,0,0,0,15,3,124,1,0,0,0,1,21,0,0,0,0,0,0,0,0,0,0,0,0,0,25,7,
3,גונן,852,339,221,2,219,53,4,0,0,0,0,1,0,9,0,0,0,0,0,0,27,7,12,37,0,0,0,0,53,1,0,0,0,0,0,0,0,0,6,0,0,0,0,9,
10,גן יאשיה,734,659,514,0,514,101,28,0,0,0,0,2,0,4,0,0,0,0,0,0,75,14,43,69,0,0,0,0,154,3,0,0,0,0,0,0,0,0,4,1,0,0,3,13,
12,גני מודיעין,3823,915,684,0,684,3,43,45,0,0,0,180,0,0,0,0,0,0,0,0,0,0,91,1,0,0,0,0,5,0,0,0,0,0,0,0,0,0,5,0,1,0,296,14,
4,גשר,305,403,253,2,251,96,9,0,1,0,0,1,0,4,0,0,0,0,0,0,38,2,16,20,0,0,0,1,49,0,0,0,0,0,0,0,0,0,2,0,0,0,0,12,
3,דובב,1067,358,238,0,238,2,11,0,0,0,0,5,0,0,0,0,0,0,0,0,7,2,167,0,0,0,0,0,4,0,0,0,0,0,0,1,0,0,0,0,0,0,34,5,
2,הר אדר,3769,2486,1903,6,1897,206,119,2,4,0,0,29,0,23,2,1,2,0,0,0,301,51,377,201,0,1,0,0,417,2,0,0,1,0,0,0,0,1,12,0,0,0,12,133,
6,יאנוחגת,1295,1561,763,5,758,39,2,0,9,0,0,0,0,2,0,0,0,0,1,0,55,137,225,20,0,0,0,5,72,0,0,0,0,0,0,0,0,0,0,0,0,0,157,34,
6,ירכא,502,5794,2826,45,2781,40,29,0,222,0,0,1,0,4,0,0,1,1,0,2,76,1043,935,140,0,0,0,6,166,0,2,0,0,0,2,1,0,2,1,2,2,0,63,40,
3,כפר בלום,357,731,499,2,497,137,14,2,0,1,0,5,0,5,0,0,0,0,0,1,88,15,70,38,0,0,0,0,91,0,0,0,0,0,0,0,0,0,1,0,0,0,0,29,
6,כפר יאסיף,507,4739,2747,25,2722,12,7,0,1913,0,1,0,0,7,0,0,0,0,0,0,7,20,146,170,0,0,1,258,49,0,0,1,0,0,0,1,0,1,5,1,0,0,11,111,
17,כפר עזה,845,371,280,0,280,58,12,0,0,0,0,4,0,5,0,0,0,0,0,0,36,9,23,35,0,0,0,0,84,0,0,0,0,0,0,0,0,0,1,0,0,0,1,12,
6,מעיליא,518,2565,1668,10,1658,13,2,0,1126,0,0,0,0,2,0,0,0,1,0,1,15,3,47,268,0,0,0,7,152,1,1,0,0,1,0,1,1,0,1,0,0,0,1,14,
2,מצפה שלם,3610,264,191,0,191,46,37,0,0,0,0,15,0,5,0,0,0,0,0,0,27,2,23,10,0,0,0,0,21,0,0,0,0,0,0,0,0,0,1,0,0,0,0,4,
11,נופך,257,405,315,0,315,29,23,2,0,0,0,13,0,3,0,0,0,0,0,2,19,11,121,11,0,0,0,0,41,0,0,0,0,0,0,0,0,0,2,0,0,0,21,17,
11,נחשונים,705,356,243,0,243,50,1,0,0,0,0,0,0,2,0,0,0,0,0,0,29,8,10,81,0,0,0,0,56,0,0,0,0,0,0,0,0,0,0,0,0,0,0,6,
12,נילי,3655,591,438,0,438,19,76,3,0,0,0,14,0,1,0,0,0,1,0,0,45,19,137,3,0,0,0,1,71,0,0,0,0,0,0,0,0,0,1,1,0,0,2,44,
18,ניר עקיבא,2048,523,400,2,398,30,26,5,0,0,0,108,0,1,0,0,0,0,0,0,30,8,83,8,0,0,0,0,45,0,0,0,0,0,0,0,0,0,5,0,0,0,30,19,
2,עופרה,3617,1959,1473,2,1471,6,467,2,0,0,0,679,0,8,0,0,1,0,0,0,8,1,246,2,1,1,0,1,7,1,0,0,0,0,0,0,0,0,17,0,0,0,11,12,
6,עין המפרץ,289,719,547,3,544,117,7,0,1,0,0,2,0,6,0,0,0,0,0,0,65,6,10,207,0,0,0,0,115,2,0,0,0,0,0,0,0,0,1,0,0,0,1,4,
2,צור הדסה,1113,2540,1857,5,1852,165,258,3,7,0,0,55,0,20,0,0,2,0,1,0,155,76,513,120,0,0,0,0,294,0,0,0,0,0,0,0,0,0,6,1,0,0,31,145,
2,צרעה,567,836,537,2,535,162,7,1,7,0,0,0,0,4,0,0,0,0,0,0,58,12,16,114,0,0,0,16,128,0,0,0,0,0,0,0,0,0,2,0,0,0,0,8,
8,קרית טבעון,2300,9162,6169,17,6152,1169,239,62,55,0,0,88,1,66,0,0,0,1,1,0,705,157,822,876,0,0,0,3,1533,3,1,0,0,1,0,1,1,1,27,2,0,0,43,294,
3,ראש פינה,26,2478,1642,5,1637,262,77,5,8,0,0,113,1,9,0,0,0,0,0,0,181,48,353,177,0,0,0,4,277,0,0,0,0,0,0,0,0,0,16,0,0,0,24,82,
17,רוחמה,362,521,368,0,368,98,5,1,0,0,0,1,0,3,0,0,0,0,0,0,42,17,13,108,0,0,0,0,70,0,0,0,0,0,0,0,0,0,2,0,0,0,0,8,
11,רינתיה,616,681,513,2,511,56,44,2,0,1,0,8,1,7,0,0,0,0,0,0,67,6,142,28,0,0,0,0,109,1,0,0,0,0,0,0,0,0,3,0,0,0,13,23,
4,רמות,4702,433,328,0,328,56,6,1,0,0,0,5,0,0,0,0,0,0,0,0,70,14,30,30,0,0,0,0,86,2,0,0,0,0,0,0,0,0,3,0,0,0,0,25,
19,רמת הכובש,184,340,256,0,256,85,7,0,0,0,0,3,0,6,0,0,0,0,0,0,42,7,7,51,0,0,0,0,44,0,0,0,0,0,0,0,0,0,0,0,0,0,0,4,
3,שדה נחמיה,329,792,574,0,574,135,21,0,0,0,0,5,0,14,0,0,0,0,0,1,64,14,79,58,0,0,0,1,110,0,0,0,0,0,1,0,0,0,6,0,0,0,3,62,
17,שדה עוזיהו,739,462,335,0,335,6,8,1,0,0,7,27,0,0,0,0,0,0,0,0,12,1,212,0,0,1,0,0,8,0,0,0,0,0,0,0,0,0,1,0,0,0,45,6,
12,שוהם,1304,1985,1533,4,1529,126,154,4,1,0,0,24,0,14,0,0,0,0,0,0,219,50,287,83,0,0,0,0,440,0,0,0,0,0,0,0,0,0,5,0,0,0,22,100,
6,שמרת,432,450,322,1,321,50,11,1,0,0,0,1,0,1,0,0,0,0,0,0,33,8,16,105,0,0,0,0,90,0,0,0,0,0,0,0,0,0,0,0,0,0,0,5,
6,שפרעם,8800,12046,5108,65,5043,113,7,0,2483,1,1,1,1,56,12,0,0,1,0,0,23,685,184,200,0,0,0,1048,172,0,0,0,3,0,0,1,0,1,1,2,0,0,11,36,
2,תקוע,3563,2230,1605,12,1593,33,590,12,1,0,1,374,0,1,0,0,0,0,4,0,27,29,326,7,0,0,0,0,34,1,0,0,0,0,0,0,0,6,44,0,1,0,22,80,
6,אבו סנאן,473,1469,717,9,708,1,0,1,255,0,0,3,1,2,1,0,0,0,1,0,7,37,57,18,0,0,0,177,10,0,0,2,0,0,0,1,1,0,0,0,0,0,108,25,
12,אחיסמך,804,374,298,1,297,4,10,0,0,0,0,15,0,2,0,0,0,0,0,0,4,0,191,0,0,0,0,0,1,0,0,0,0,0,0,0,0,0,0,0,0,0,63,7,
4,אניעם,4012,442,282,0,282,41,20,1,0,0,0,5,0,6,0,0,0,0,0,0,25,8,76,6,0,0,0,0,60,0,0,0,0,0,0,0,0,0,2,0,0,0,4,28,
10,ארסוף,1324,132,83,0,83,10,0,0,0,0,0,0,0,0,0,0,0,0,0,0,9,5,11,14,0,0,0,0,30,0,0,0,0,0,0,0,0,0,0,0,0,0,1,3,
17,באר טוביה,155,414,336,0,336,46,13,0,1,0,1,3,0,5,0,0,0,0,0,0,88,9,26,34,0,0,0,0,92,0,0,0,0,0,0,0,0,0,0,0,0,0,2,16,
2,בית חורון,3575,863,695,1,694,8,219,5,0,0,0,210,1,2,0,0,0,0,0,0,11,6,165,2,0,0,0,0,15,0,0,0,0,0,0,0,0,0,0,0,0,0,17,33,
10,בית ינאי,200,295,193,1,192,28,7,0,1,0,1,0,0,1,0,0,0,0,0,0,32,5,11,44,0,0,0,0,58,0,0,0,0,0,0,0,0,0,1,0,0,0,0,3,
2,בית מאיר,751,360,255,0,255,5,51,17,0,0,1,53,0,0,0,0,0,0,0,0,3,0,75,0,0,0,0,0,9,0,0,0,0,0,0,0,0,0,10,0,0,0,26,5,
12,בית עריף,604,376,282,1,281,8,18,1,0,0,0,30,0,1,0,0,0,0,0,0,16,0,132,2,0,0,0,0,28,0,0,0,0,0,0,0,0,0,1,0,0,0,36,8,
10,ביתן אהרן,252,223,91,0,91,9,6,2,0,0,0,2,0,1,0,0,0,0,0,0,16,4,11,10,0,0,0,0,26,0,0,0,0,0,0,0,0,0,0,0,0,0,0,4,
17,ברכיה,746,783,637,1,636,0,52,15,0,0,0,160,0,0,0,0,0,0,0,0,5,0,251,1,0,0,0,0,3,0,0,0,0,0,0,0,0,0,1,0,0,0,134,14,
5,גבעת עוז,703,398,247,0,247,46,11,1,0,0,0,0,0,1,0,0,0,0,0,0,38,11,14,61,0,0,0,0,60,0,0,0,0,0,0,0,0,0,0,0,0,0,0,4,
5,גיניגר,92,551,387,1,386,118,11,1,0,0,0,0,0,6,0,0,0,0,0,0,66,13,29,59,0,0,0,1,74,0,0,0,0,0,0,0,0,0,3,0,0,0,1,4,
12,גני הדר,1103,274,211,0,211,47,17,0,1,0,0,4,0,1,0,0,0,0,0,0,33,6,27,27,0,0,0,0,41,0,0,0,0,0,0,0,0,0,0,0,0,0,0,7,
5,דליה,300,674,510,0,510,114,4,0,3,0,0,1,1,1,0,0,0,0,0,0,50,9,11,193,0,0,0,0,117,1,0,0,0,0,0,0,0,0,1,0,0,0,0,4,
10,חבצלת השרון,235,341,213,0,213,25,4,0,1,0,0,11,0,4,0,0,0,0,0,0,22,4,44,22,0,0,0,0,51,0,0,0,0,0,0,0,0,0,2,0,0,0,9,14,
4,חדנס,4026,677,406,1,405,25,27,0,1,0,0,14,0,13,0,0,2,1,0,0,51,12,110,8,0,0,0,0,115,1,0,0,0,0,0,0,0,0,5,0,0,0,1,19,
3,חולתה,253,461,335,0,335,126,16,0,0,0,0,9,0,5,0,0,0,0,0,0,40,9,14,31,0,0,0,0,64,0,0,0,0,0,0,0,0,0,5,0,0,0,1,15,
9,חיננית,3643,426,340,0,340,2,58,0,1,0,0,133,0,1,0,0,0,0,0,0,3,37,71,0,0,1,0,0,7,0,0,0,0,0,0,0,0,1,1,0,0,0,10,14,
3,טובאזנגריה,962,4617,1522,17,1505,18,3,0,277,0,0,1,0,3,1,0,1,0,0,1,10,6,286,82,0,0,0,706,82,0,0,1,1,0,0,0,1,2,0,0,1,0,6,16,
5,טמרה יזרעאל,547,1072,456,11,445,2,1,0,219,1,0,0,0,0,0,0,0,0,0,0,0,0,50,12,0,0,0,153,6,0,0,0,0,0,0,0,0,0,0,0,0,0,1,0,
8,יגור,96,1368,909,2,907,326,13,0,1,0,1,4,0,5,0,0,0,0,0,1,123,31,34,98,0,0,0,0,247,1,0,0,0,0,0,0,0,0,0,1,0,0,1,20,
12,יד רמבם,64,856,622,3,619,17,38,2,0,0,1,32,0,4,0,0,0,0,0,0,17,3,377,4,0,0,0,0,42,0,0,0,0,0,0,0,0,0,0,0,0,0,61,21,
6,יסעור,575,543,386,2,384,41,14,0,0,0,0,2,0,4,0,0,0,0,0,0,38,10,35,71,0,0,0,0,135,0,0,0,0,0,0,0,0,0,0,0,0,0,0,34,
10,יעף,1044,175,135,1,134,17,9,1,3,0,0,2,0,0,0,0,0,0,0,1,12,4,21,16,0,0,0,0,31,0,0,0,0,0,0,0,0,0,5,0,0,0,1,11,
10,יקום,417,556,435,1,434,92,7,0,0,0,0,1,0,3,0,0,0,0,0,0,40,8,6,167,0,0,0,0,101,0,0,0,0,0,0,0,0,0,1,0,0,0,0,8,
6,כאבול,504,2852,1765,13,1752,1,0,0,818,0,0,0,0,3,0,0,0,0,0,0,0,4,13,9,0,1,0,893,2,0,0,0,2,0,1,0,0,0,1,0,0,0,2,2,
17,כוכב מיכאל,824,359,266,1,265,32,19,0,0,0,1,0,0,5,0,0,0,0,0,0,47,3,36,14,0,0,0,0,71,0,0,0,0,0,0,0,0,0,5,0,0,0,0,32,
12,כפר דניאל,707,495,375,3,372,71,9,1,0,0,0,2,0,6,0,0,0,0,0,0,49,8,38,43,0,0,0,0,123,0,0,0,0,0,0,0,0,0,4,0,0,0,0,18,
5,כפר החורש,192,478,366,0,366,105,14,0,2,0,0,3,0,6,0,0,0,0,0,0,37,14,29,47,0,0,0,0,84,0,0,0,0,0,0,0,0,0,2,0,0,0,1,22,
3,להבות הבשן,380,701,490,1,489,91,14,0,7,0,0,3,0,7,0,0,0,0,0,0,50,25,38,130,0,0,0,0,89,0,0,0,0,0,0,0,0,0,5,2,0,0,0,28,
17,לכיש,24,601,468,0,468,112,17,0,1,0,0,3,0,2,0,0,0,0,0,0,81,12,18,88,0,0,0,1,104,0,0,0,0,0,0,0,0,0,2,0,0,0,0,27,
2,מבוא ביתר,771,635,477,0,477,44,60,0,0,0,0,24,0,1,0,0,0,0,0,0,54,14,117,34,0,0,0,0,59,0,0,0,0,0,0,0,0,0,9,0,0,0,2,59,
4,מגדל,65,1435,899,7,892,19,49,15,4,0,0,83,0,8,0,0,0,0,0,0,37,18,424,12,0,0,0,0,49,0,0,0,0,0,0,0,0,0,0,0,0,0,133,41,
5,מיטב,2054,359,265,0,265,7,27,0,1,0,0,14,0,0,0,0,0,0,0,0,8,1,166,2,0,0,0,0,9,0,0,0,0,0,0,0,0,0,0,0,0,0,16,14,
10,מכמורת,382,1065,735,0,735,173,24,1,1,1,0,7,0,8,0,0,0,0,0,0,147,27,29,127,0,0,0,0,162,0,0,0,0,0,0,0,0,0,7,0,0,0,0,21,
3,מסעדה,4203,376,73,1,72,4,0,0,6,0,0,0,0,0,0,0,0,0,0,0,3,7,29,2,0,0,0,0,11,0,0,0,0,0,0,0,0,0,1,0,0,0,6,3,
2,מעלה לבונה,3752,431,334,0,334,1,51,3,0,0,0,238,0,0,0,0,0,0,0,0,0,2,30,0,0,0,0,0,0,0,0,0,0,0,0,0,0,1,3,0,0,0,5,0,
10,משמרת,425,655,522,0,522,92,18,1,1,0,0,5,0,6,0,0,0,0,0,0,78,21,26,59,0,0,0,0,193,0,0,0,0,0,0,0,0,0,3,0,0,0,0,19,
5,ניר יפה,165,443,316,0,316,17,23,0,0,0,0,6,0,6,0,0,0,1,0,0,40,3,131,2,0,0,0,0,60,0,0,0,0,0,0,0,0,0,0,1,0,0,11,15,
18,ניר משה,2047,421,304,0,304,37,22,0,0,0,0,3,0,3,0,0,0,0,0,0,41,8,68,18,0,0,0,0,66,0,0,0,0,0,0,0,1,0,0,1,0,0,7,29,
10,נעורים,186,169,69,2,67,14,6,0,0,0,0,0,0,0,0,1,0,0,0,0,11,4,9,3,0,0,0,0,13,0,0,0,0,0,0,0,0,0,0,0,0,0,1,5,
12,עזריה,711,388,306,1,305,3,20,2,0,0,2,17,0,3,0,0,0,0,0,0,18,4,161,1,0,0,0,0,25,0,0,0,0,0,0,0,0,0,0,0,0,0,25,24,
10,עין החורש,167,694,529,2,527,143,2,0,0,0,0,0,0,5,0,0,0,0,0,0,61,5,6,193,0,0,0,0,98,0,0,0,0,0,0,0,0,0,3,0,0,0,1,10,
9,עין כרמל,426,536,421,1,420,116,9,0,1,0,0,2,0,7,0,0,0,0,0,0,66,18,18,51,0,0,0,0,114,0,0,0,0,0,0,0,0,0,1,0,0,0,1,16,
3,עמיעד,385,441,267,0,267,64,7,0,0,0,0,1,0,0,0,0,0,0,0,0,44,9,14,49,0,0,0,0,66,0,0,0,0,0,0,0,0,0,5,0,0,0,1,7,
9,עתלית,53,2049,1423,4,1419,108,90,11,4,0,0,41,0,15,0,0,0,0,0,0,147,60,415,80,0,0,0,0,325,0,0,0,0,0,1,0,0,0,3,2,0,0,35,82,
2,עתניאל,3748,466,350,0,350,0,101,4,0,0,0,184,0,0,0,0,0,0,0,0,1,0,39,0,0,0,0,0,1,0,0,0,0,0,0,0,0,0,6,0,0,0,4,10,
4,פוריה עילית,1313,396,240,2,238,13,14,0,0,0,0,6,1,3,0,0,4,0,0,0,31,5,98,9,0,0,0,0,28,0,0,0,0,0,0,0,0,0,9,0,0,0,2,15,
6,פסוטה,535,989,438,2,436,4,0,0,281,0,0,0,0,1,1,0,0,0,0,0,2,1,47,84,0,0,0,1,12,0,0,0,0,0,0,0,0,0,0,0,0,0,0,2,
10,צוקי ים,1102,189,136,0,136,18,4,1,0,0,0,2,0,5,0,0,0,0,0,0,26,1,17,23,0,0,0,0,34,0,0,0,0,0,0,0,0,0,1,0,0,0,1,3,
2,צלפון,796,696,499,3,496,21,40,2,0,0,5,46,0,1,0,0,0,0,0,0,23,2,255,9,0,0,0,0,36,0,0,0,0,0,0,0,0,0,2,0,0,0,35,19,
12,צפריה,594,542,436,1,435,9,157,5,0,0,0,107,1,1,0,0,0,0,0,0,19,0,71,2,0,0,0,0,13,0,0,0,0,0,0,0,0,0,2,0,0,0,22,26,
3,קדמת צבי,4025,406,298,0,298,50,16,0,1,0,0,3,0,5,0,0,0,0,0,0,55,16,56,14,0,0,0,0,50,1,0,0,0,0,0,0,0,0,6,0,0,0,0,25,
5,רםאון,1069,671,510,1,509,111,21,1,1,1,0,3,0,6,0,0,0,0,0,0,92,20,36,40,0,0,0,0,162,0,0,0,0,0,0,0,0,0,0,0,0,0,0,15,
8,רמת יוחנן,178,843,572,1,571,192,20,1,0,0,1,2,0,8,0,0,0,0,41,0,52,16,34,73,0,0,0,0,110,0,0,0,0,0,0,0,0,0,2,1,0,0,0,18,
2,שואבה,741,463,327,1,326,51,16,0,2,0,6,3,0,6,0,0,0,0,0,0,28,5,86,44,0,0,0,0,64,0,0,0,0,0,0,0,0,0,1,0,0,0,7,7,
10,אביחיל,175,407,298,0,298,40,17,0,3,0,0,2,0,3,0,0,0,0,0,0,67,16,34,41,0,0,0,0,61,0,0,0,0,0,0,0,0,0,1,0,0,0,0,13,
5,אומן,1108,413,266,0,266,4,15,3,0,0,0,9,0,5,0,0,0,0,0,0,4,27,130,1,0,0,0,0,35,0,0,0,0,0,0,0,0,0,2,0,0,0,15,16,
2,אורה,780,827,568,5,563,40,51,4,0,0,4,32,0,6,0,0,0,0,0,0,65,5,169,22,0,0,0,0,68,0,0,0,0,0,0,0,0,0,5,0,0,0,44,48,
3,אורטל,4013,256,191,0,191,41,9,0,0,0,0,2,0,3,0,0,0,0,0,0,26,3,14,11,0,0,0,0,54,0,0,0,0,0,0,0,0,0,2,0,0,0,0,26,
3,אלרום,4003,359,261,1,260,59,9,0,1,0,0,7,1,4,0,0,0,0,0,0,27,9,37,25,0,0,0,2,66,0,0,0,0,0,0,0,0,0,3,0,0,0,0,10,
5,אלון הגליל,1182,850,654,1,653,160,21,0,2,0,0,0,0,4,0,0,0,0,0,0,91,20,21,140,0,0,0,1,167,0,0,0,0,0,0,0,0,0,4,0,0,0,0,22,
2,אספר,3754,398,284,4,280,1,30,119,0,0,0,93,0,0,0,0,0,0,0,0,0,0,6,0,0,0,0,0,0,0,0,0,0,0,0,0,0,0,0,0,0,0,30,1,
4,אשדות יעקב  איחוד,199,339,235,0,235,58,18,0,0,0,0,3,0,1,0,0,0,0,0,0,30,10,27,19,0,0,0,0,59,1,0,0,0,0,0,0,0,0,2,1,0,0,0,6,
3,בוקעאתא,4001,595,92,0,92,1,0,0,0,0,0,0,0,0,0,0,0,0,0,0,9,34,27,7,0,0,0,0,8,0,0,0,0,0,0,0,0,0,0,0,0,0,2,4,
5,בית השיטה,242,1035,761,6,755,241,21,0,1,0,0,12,0,10,0,0,0,0,0,0,122,36,47,63,0,0,0,1,169,0,0,0,0,0,0,0,0,0,5,0,0,0,1,26,
4,בני יהודה,4015,917,570,4,566,54,40,1,1,0,0,31,0,7,0,0,0,0,0,0,51,39,118,20,0,0,0,0,145,0,0,0,0,0,0,0,0,0,8,1,0,0,7,43,
10,בני ציון,418,450,339,0,339,47,18,0,0,0,0,1,0,4,0,0,0,0,0,0,46,6,22,49,0,0,0,0,128,0,0,0,0,0,0,0,0,0,0,0,0,0,1,17,
2,בת עין,3794,895,525,2,523,2,82,20,0,0,0,302,0,0,0,0,0,0,0,0,0,2,45,1,0,0,0,0,3,0,2,0,0,0,0,0,0,1,42,0,0,0,15,6,
6,גולס,485,3253,1955,23,1932,19,13,0,17,0,1,0,0,16,0,0,0,0,0,1,247,557,320,67,0,0,0,4,231,0,0,0,0,1,0,0,0,0,4,1,0,0,374,59,
3,גש גוש חלב,487,2501,1131,19,1112,18,0,0,649,0,0,0,0,5,0,0,0,0,0,1,11,3,148,135,1,0,0,87,49,0,0,0,0,0,0,1,0,0,1,0,0,0,0,3,
13,גאליה,853,617,466,1,465,46,21,0,2,0,0,0,0,2,0,0,0,0,0,0,71,17,88,33,0,0,0,0,162,0,0,0,0,0,0,0,0,0,0,0,0,0,2,21,
5,גבעת אלה,1288,1066,812,0,812,135,19,1,0,0,0,4,0,10,0,0,0,0,0,0,114,23,56,107,0,0,0,0,313,0,0,0,0,0,0,0,0,0,4,0,0,0,1,25,
2,גבעת יערים,787,923,664,1,663,74,51,2,0,0,18,48,0,7,0,0,0,0,0,0,50,9,203,60,0,0,0,0,66,0,0,0,0,0,0,0,0,0,2,0,0,0,24,49,
10,גבעת שפירא,1077,219,170,0,170,33,7,0,0,0,0,0,0,0,0,0,0,0,0,0,24,1,5,20,0,0,0,0,70,0,0,0,0,0,0,0,0,0,2,0,0,0,0,8,
5,גבת,133,690,555,2,553,169,6,0,0,0,0,1,0,6,0,0,0,0,0,0,104,8,20,82,0,0,0,0,129,0,0,0,0,0,0,0,0,0,1,0,0,0,0,27,
4,גינוסר,262,552,342,1,341,85,10,0,0,0,0,3,0,5,0,0,0,0,0,0,40,19,50,31,0,0,0,0,85,0,0,0,0,0,0,0,0,0,0,0,0,0,1,12,
10,געש,842,351,280,1,279,59,4,0,1,0,0,1,0,0,0,0,0,0,0,0,21,7,15,97,0,0,0,0,69,0,0,0,0,0,0,0,0,0,1,0,0,0,2,2,
3,דלתון,431,644,436,0,436,1,13,1,0,0,0,45,0,0,0,0,0,0,0,0,4,0,240,2,0,0,0,0,1,0,0,0,0,0,0,0,0,0,0,0,0,0,121,8,
3,הגושרים,356,699,498,0,498,110,16,0,0,0,0,4,0,0,0,0,0,0,0,0,77,9,61,60,0,0,1,0,113,0,0,0,0,0,0,0,1,0,6,0,0,0,4,36,
4,הזורעים,307,533,444,3,441,4,124,5,0,0,0,152,1,0,0,0,0,0,0,0,2,4,110,2,0,0,0,0,11,0,0,0,0,0,0,0,0,0,2,0,0,0,10,14,
2,הר גילה,3603,1019,742,3,739,36,67,2,2,0,0,39,1,7,0,0,0,0,0,0,63,32,303,10,0,0,0,0,75,0,0,0,0,0,0,0,0,0,2,1,0,0,38,61,
17,זבדיאל,815,418,355,1,354,1,13,13,0,0,0,28,0,3,0,0,0,0,0,0,3,0,197,0,0,0,0,0,2,0,0,0,0,0,0,0,0,0,0,0,0,0,88,6,
8,חואלד,1321,513,222,2,220,0,0,0,49,0,0,0,0,0,0,0,0,0,0,1,1,1,17,4,0,0,0,121,7,0,0,0,0,0,0,0,0,0,0,0,0,0,4,15,
5,טייבה בעמק,497,1268,463,9,454,15,0,0,168,0,0,0,0,2,0,0,0,0,0,0,3,0,39,87,0,1,0,135,3,0,0,0,0,0,0,0,0,0,0,0,0,0,0,1,
6,טלאל,1181,370,269,0,269,34,17,0,0,0,0,9,0,8,0,0,0,0,0,0,40,16,38,14,0,0,0,0,75,0,0,0,0,0,0,0,0,0,0,0,0,0,1,17,
2,טלמון,3788,1561,1233,1,1232,1,267,6,0,0,0,850,0,2,0,0,0,0,0,0,1,1,81,0,0,0,0,0,3,0,0,0,0,0,0,0,0,0,2,0,0,0,9,9,
3,יובל,2009,442,321,0,321,29,38,1,0,0,0,9,0,2,0,0,0,0,0,0,40,1,87,14,0,0,0,0,49,0,1,0,0,0,0,0,0,0,0,0,0,0,17,33,
5,יזרעאל,452,564,348,2,346,128,4,0,0,0,0,1,0,3,0,0,0,0,0,0,40,11,9,63,0,0,0,0,76,0,0,0,0,0,0,0,0,0,1,0,0,0,0,10,
6,כסראסמיע,1296,1477,925,12,913,9,1,0,75,0,0,2,0,1,1,1,3,0,0,1,59,159,513,25,0,0,0,6,27,0,0,0,0,0,0,0,0,0,0,0,1,0,7,22,
8,כפר ביאליק,220,462,329,1,328,40,23,0,0,0,0,1,0,3,0,0,0,0,0,1,59,8,66,18,0,0,0,0,88,0,0,0,0,0,0,0,0,0,0,0,0,0,3,18,
5,כפר ברוך,132,376,283,1,282,37,15,1,0,0,0,3,0,7,0,0,0,0,0,0,42,7,61,13,0,0,0,0,70,0,0,0,0,0,0,0,0,0,1,0,0,0,2,23,
4,כפר זיתים,786,480,345,2,343,3,28,5,0,0,0,24,0,6,0,0,0,0,1,0,11,2,202,0,0,0,0,1,10,0,0,0,0,0,0,0,0,0,0,1,0,0,28,21,
3,כפר חנניה,1297,525,376,1,375,17,21,1,0,0,0,49,0,2,0,0,0,0,0,0,20,11,142,11,0,0,0,0,59,0,0,0,0,0,0,0,1,0,3,0,1,0,16,21,
4,כפר חרוב,4004,405,248,1,247,47,7,0,0,0,0,1,0,2,0,0,0,0,0,0,36,10,17,27,0,0,0,0,79,0,0,0,0,0,0,0,0,0,0,1,0,0,0,20,
3,כפר סאלד,345,508,376,7,369,115,9,0,0,0,0,0,0,5,0,0,0,0,0,0,57,8,17,55,0,0,0,0,93,0,0,0,0,0,0,0,0,0,2,0,0,0,0,8,
3,כרם בן זמרה,664,404,294,0,294,8,28,2,0,0,0,28,0,4,0,0,0,0,0,0,33,0,149,2,0,0,0,0,15,1,0,0,0,0,0,0,0,0,1,0,0,0,16,7,
9,כרם מהרל,580,673,502,1,501,88,27,1,1,0,0,7,0,4,0,0,1,0,0,0,66,13,43,84,0,0,0,0,139,0,0,0,0,0,0,0,0,0,4,0,0,0,3,20,
17,כרמיה,768,458,334,1,333,41,20,0,3,0,0,2,0,4,0,0,0,0,0,0,40,7,50,74,0,0,0,0,64,0,0,0,0,0,0,0,0,0,1,1,0,0,2,24,
3,מחניים,308,599,416,0,416,93,21,3,1,0,0,3,0,5,0,0,0,0,0,0,48,29,76,44,0,0,0,0,70,0,0,0,0,0,0,0,0,0,3,0,0,0,1,19,
3,מטולה,43,1468,862,3,859,134,60,1,1,0,0,17,0,12,0,0,0,0,0,0,164,42,126,51,1,0,0,1,150,1,0,0,0,0,0,1,0,0,13,0,0,0,6,78,
2,מסילת ציון,742,713,553,0,553,71,42,0,2,0,2,17,0,14,0,0,0,0,0,0,92,8,75,58,0,0,0,0,108,0,0,0,0,0,0,0,0,0,3,0,0,0,18,43,
9,מעגן מיכאל,694,1730,1134,2,1132,338,23,0,1,0,0,6,0,14,0,0,0,1,0,0,137,37,37,252,0,0,0,1,233,0,0,0,0,0,0,0,0,0,14,1,0,0,1,36,
9,מעין צבי,290,338,237,0,237,58,8,0,0,0,0,3,0,2,0,0,0,0,0,0,36,6,14,32,0,0,0,0,64,0,0,0,0,0,0,0,0,0,1,0,0,0,2,11,
5,מעלה גלבוע,1127,367,296,1,295,24,139,1,0,0,1,13,0,0,0,0,0,0,0,0,40,0,22,2,0,0,0,1,25,0,0,0,0,0,0,0,0,0,2,0,0,0,2,23,
2,מעלה החמישה,286,574,413,0,413,112,11,1,1,0,0,1,0,2,0,0,0,0,0,1,68,11,19,62,0,0,0,0,103,0,0,0,0,0,0,0,0,0,2,0,0,0,0,19,
5,משמר העמק,130,948,731,1,730,223,3,1,1,0,0,2,0,2,0,0,0,0,0,0,90,10,15,249,0,0,0,0,117,1,0,0,0,0,0,0,0,0,1,0,0,0,0,15,
4,נאות גולן,4551,428,296,0,296,27,27,0,0,0,0,4,0,3,0,0,0,0,0,0,36,24,44,10,0,0,0,0,81,0,0,0,0,0,0,0,0,0,5,0,0,0,2,33,
2,נווה אילן,405,354,246,0,246,33,7,0,0,0,0,0,0,1,0,0,0,0,0,0,31,11,33,35,0,0,0,0,78,0,0,0,0,0,0,0,0,0,0,0,0,0,1,16,
19,נווה ימין,686,490,361,0,361,24,15,3,0,0,21,16,0,2,0,0,0,0,0,0,22,3,165,3,0,0,0,1,41,0,0,0,0,0,0,0,0,0,1,0,0,0,25,19,
8,נופית,1284,1512,1133,3,1130,126,59,2,0,0,0,12,0,6,0,0,0,0,0,0,175,34,116,78,0,0,0,1,430,0,0,0,0,0,0,0,0,0,5,0,0,0,3,83,
2,נחושה,59,423,304,1,303,6,105,3,0,0,2,73,0,0,0,0,0,0,0,0,7,0,69,4,0,0,0,0,7,0,0,0,0,0,0,0,0,0,1,0,0,0,18,8,
11,נחלים,449,904,749,1,748,13,302,1,0,0,0,232,0,1,0,0,0,0,2,0,17,5,117,4,0,0,0,0,19,0,0,0,0,0,0,0,0,0,2,0,0,0,6,27,
2,נטף,1254,359,275,0,275,103,5,0,5,0,0,1,0,2,0,0,0,0,0,1,30,1,1,89,1,0,0,0,30,0,0,0,0,0,0,0,0,0,1,0,0,0,0,5,
17,ניר ישראל,699,604,452,2,450,46,41,0,0,0,0,7,0,2,0,0,0,0,0,0,84,8,87,41,0,0,0,0,95,0,1,0,0,0,0,0,0,0,0,0,0,0,7,31,
5,עין השופט,270,451,264,1,263,59,5,0,0,0,2,0,0,2,0,0,0,0,0,0,24,12,9,84,0,0,0,0,56,0,0,0,0,0,0,0,0,0,2,0,0,0,2,6,
2,עין נקובא,521,1754,888,25,863,20,2,0,361,0,0,0,0,0,1,1,0,0,0,0,4,0,100,55,0,0,0,198,15,0,0,0,0,0,0,0,1,0,0,0,0,0,90,15,
2,עלמון,3715,1022,740,0,740,22,93,0,1,0,0,30,0,2,0,0,0,0,0,0,18,33,391,8,0,0,0,0,59,0,0,0,0,0,0,0,0,1,2,2,0,0,9,69,
9,עמיקם,773,549,403,0,403,84,15,0,1,0,0,4,0,2,0,0,0,0,0,0,47,15,48,67,0,0,0,0,82,0,0,0,0,0,0,0,0,0,2,2,0,0,2,32,
6,פקיעין בוקייעה,536,1286,733,11,722,15,0,0,231,0,0,0,0,2,0,0,0,0,0,0,20,292,42,48,0,0,0,1,28,0,0,0,0,0,1,1,1,1,0,0,0,0,3,36,
10,קדימהצורן,195,964,669,0,669,68,41,7,0,0,0,34,0,6,0,0,0,0,0,0,58,22,138,35,0,1,0,0,164,1,0,0,0,0,0,0,0,0,1,1,0,0,67,25,
9,קיסריה,1167,2592,1655,3,1652,110,93,7,3,0,0,28,0,15,0,0,0,0,0,1,264,61,407,126,0,0,0,1,412,0,0,0,0,0,0,0,0,0,5,1,0,0,19,99,
3,קצרין,4100,5076,2768,20,2748,88,204,18,5,0,1,287,0,28,0,1,0,1,1,0,113,467,826,43,0,0,0,1,349,1,0,0,0,0,0,1,0,0,44,0,0,1,75,193,
8,ראס עלי,990,424,184,0,184,0,0,0,51,0,0,0,0,0,0,0,0,1,0,0,0,0,60,2,0,0,0,69,0,0,0,0,0,0,0,0,0,0,0,0,0,0,1,0,
5,רומאנה,539,780,559,10,549,1,0,0,359,0,0,0,0,0,0,0,0,0,0,0,2,0,2,2,0,0,0,169,0,0,0,0,0,0,0,0,0,0,0,0,0,0,14,0,
1,רמת רחל,127,356,288,0,288,68,9,0,1,0,0,2,0,0,0,0,0,0,0,0,56,12,24,50,0,0,0,0,57,0,0,0,0,0,0,0,0,0,2,0,0,0,4,3,
5,שדה יעקב,142,651,507,1,506,22,155,1,0,0,0,97,0,1,0,0,0,0,0,0,21,2,114,6,0,0,0,0,30,0,0,0,0,0,0,0,0,0,8,0,0,0,7,42,
9,שדות ים,327,722,593,0,593,138,13,7,2,0,0,4,0,5,0,0,0,0,0,0,124,18,35,59,0,0,0,0,145,0,0,0,0,0,0,0,0,0,14,1,0,0,6,22,
4,שער הגולן,264,489,366,2,364,91,5,0,2,0,0,1,0,2,0,0,0,0,0,0,49,7,13,90,0,0,0,0,85,0,0,0,0,0,0,0,0,0,2,0,0,0,0,17,
2,שריגים ליאון,1114,810,556,0,556,105,23,0,3,0,0,2,1,6,0,0,0,0,0,0,61,12,88,102,0,0,0,0,127,0,0,0,0,1,0,0,0,0,2,0,0,0,3,20,
5,שריד,126,764,534,0,534,107,7,1,1,0,0,0,0,7,0,0,0,0,0,0,58,23,29,172,0,0,0,0,116,0,0,0,0,0,0,0,0,0,0,0,0,0,2,11,
5,תל עדשים,103,863,684,5,679,74,52,2,2,0,0,14,0,2,0,0,0,0,0,0,99,23,124,36,1,0,0,0,191,0,0,0,0,0,0,0,0,0,3,0,0,0,3,53,
5,תמרת,1244,558,445,0,445,95,5,0,3,0,0,3,0,9,0,0,0,0,0,0,69,7,30,86,0,0,0,0,122,0,0,0,0,0,0,0,0,0,4,1,0,0,1,10,
9,אום אלפחם,2710,1786,612,10,602,0,0,0,463,0,0,0,1,2,1,0,0,1,0,0,1,0,9,18,0,0,0,96,5,0,0,0,0,0,0,1,0,0,0,0,0,0,3,1,
5,אלוני אבא,429,705,532,1,531,100,9,0,1,0,0,4,0,7,0,0,0,0,0,0,73,14,38,73,0,0,0,0,171,0,0,0,0,0,0,0,0,0,5,0,0,0,2,34,
5,אלונים,285,508,398,2,396,112,15,0,0,0,0,1,0,4,0,0,0,0,0,0,60,9,24,31,0,0,0,0,121,0,0,0,0,0,0,0,1,0,1,0,0,0,1,16,
3,אליפלט,730,463,326,1,325,2,28,0,0,0,0,18,0,0,0,0,0,0,20,0,0,0,213,1,0,0,0,0,9,0,0,0,0,0,0,0,0,0,0,0,0,0,21,13,
3,ביריה,368,595,415,1,414,4,19,9,0,0,0,52,0,0,0,0,0,0,0,0,20,2,210,1,0,0,0,0,12,0,0,0,0,0,0,0,0,0,8,0,0,0,60,17,
10,בית יהושע,288,378,281,0,281,45,11,1,0,0,0,4,0,2,0,0,0,0,0,0,43,4,30,37,0,0,0,0,84,0,0,0,0,0,0,0,0,0,3,0,0,0,0,17,
5,בית רימון,1162,407,333,0,333,15,176,1,0,0,0,83,0,0,0,0,0,0,0,0,9,1,26,0,0,0,0,0,2,0,0,0,0,0,0,0,0,0,2,0,0,0,3,15,
5,בית שאן,9200,534,369,3,366,2,13,7,0,0,0,29,0,0,0,0,0,0,0,0,4,1,194,4,0,0,0,0,16,0,0,0,0,0,0,0,0,0,1,0,0,0,77,18,
3,ברעם,667,517,367,1,366,70,0,0,2,0,0,1,0,1,0,0,0,0,0,0,33,18,11,148,0,0,0,0,70,0,0,0,0,0,0,0,0,0,1,0,0,0,3,8,
11,גבעת השלושה,870,518,418,1,417,109,10,0,0,1,0,3,0,4,0,0,0,0,0,0,86,5,36,46,0,0,0,0,92,0,0,0,0,0,0,0,0,0,2,0,0,0,4,19,
11,גבעת כח,802,645,466,0,466,19,55,3,0,0,2,24,0,8,0,0,0,0,0,0,34,3,185,6,0,0,0,0,51,0,0,0,0,0,0,0,0,0,0,1,0,0,25,50,
5,גלעד אבן יצחק,369,367,292,2,290,81,7,0,3,0,0,0,0,0,0,0,0,0,0,0,23,7,6,44,0,0,0,0,102,0,0,0,0,0,0,0,0,0,1,1,0,0,0,15,
2,דולב,3747,492,393,4,389,3,106,0,0,0,0,216,0,1,0,0,0,0,0,0,1,1,45,1,0,0,0,0,0,0,0,0,0,0,0,0,0,0,2,1,0,0,8,4,
5,הושעיה,1186,949,708,2,706,24,316,1,0,0,0,85,0,2,0,0,0,0,0,0,44,1,93,5,0,0,0,0,61,0,0,0,0,0,0,1,0,0,2,0,0,0,11,60,
5,הזורע,250,911,635,0,635,175,17,0,2,0,1,5,0,5,0,0,0,0,1,1,62,14,15,202,0,0,0,0,115,0,0,0,0,0,0,0,0,0,4,0,0,0,3,13,
5,היוגב,684,575,452,1,451,97,13,0,0,0,0,2,0,7,0,0,0,0,0,0,97,19,22,21,0,0,0,0,150,0,0,0,0,0,0,0,0,0,4,0,0,0,4,15,
2,טל שחר,462,815,630,2,628,112,30,0,3,0,0,6,0,3,0,0,0,0,0,1,94,28,59,86,0,0,0,0,134,0,0,0,0,0,0,0,0,0,3,0,0,0,9,60,
4,יבנאל,46,1277,844,8,836,33,27,21,0,0,1,56,0,7,0,0,0,0,0,0,26,11,154,12,0,0,0,0,76,0,0,0,0,1,0,0,0,0,9,0,0,0,375,27,
4,יונתן,4007,414,309,0,309,6,133,5,0,0,0,82,0,0,0,0,0,0,1,0,2,0,36,2,0,0,0,0,12,0,0,0,0,0,0,0,0,0,1,0,0,0,3,26,
5,יפיע,499,9666,4186,48,4138,37,0,0,2507,0,0,1,0,6,3,0,1,0,0,0,9,0,222,133,1,0,0,1118,29,0,0,1,1,1,0,1,2,1,1,2,0,0,1,60,
10,כפר הס,187,571,419,1,418,81,10,0,2,0,0,0,0,6,0,0,0,0,0,0,62,12,14,57,0,0,0,0,162,0,0,0,0,0,0,0,0,0,2,0,0,0,0,10,
10,כפר הראה,217,381,286,0,286,6,103,1,0,0,0,85,0,2,0,0,0,0,0,0,20,0,41,1,0,0,0,1,4,0,0,0,0,0,0,0,0,0,0,1,0,0,7,14,
6,כפר ורדים,1263,1154,803,3,800,118,29,0,12,0,0,12,0,12,0,0,1,0,0,0,82,25,120,89,0,0,0,0,211,1,0,0,0,0,0,0,0,0,7,0,0,0,3,78,
5,כפר יהושע,140,852,659,2,657,167,33,0,1,0,1,2,0,6,0,0,0,0,0,0,140,17,37,83,0,0,0,0,144,0,0,0,0,0,0,0,0,0,1,0,0,0,0,25,
10,כפר נטר,316,349,266,0,266,44,12,0,1,0,0,6,0,2,0,0,0,0,0,0,50,3,26,35,0,0,0,0,72,0,0,0,0,0,0,0,0,0,1,0,0,0,2,12,
3,כרכום,1285,460,307,4,303,48,13,0,0,0,0,0,0,6,0,0,0,0,0,0,55,11,56,31,1,0,0,0,52,0,0,0,0,0,0,0,0,0,4,1,0,0,2,23,
12,לפיד,1310,619,451,0,451,69,23,0,1,0,0,10,0,4,0,0,0,0,0,0,62,7,83,31,0,0,0,0,131,1,0,0,0,0,0,0,0,0,0,0,0,0,2,27,
5,מגן שאול,1155,386,279,0,279,13,19,0,0,0,0,14,0,2,0,0,0,0,0,0,24,8,144,6,0,0,0,0,27,0,0,0,0,0,0,0,0,0,2,0,0,0,11,9,
5,מדרך עוז,2029,564,402,1,401,16,32,8,0,0,0,13,0,2,0,0,0,0,0,0,29,12,182,4,0,0,0,0,48,0,0,0,0,0,0,0,0,0,3,0,0,0,24,28,
4,מנחמיה,48,426,248,0,248,20,9,2,0,0,0,19,0,1,0,0,0,0,0,0,18,11,110,6,0,0,0,0,35,0,0,0,0,0,0,0,0,0,1,0,0,0,6,10,
3,מעין ברוך,416,472,328,0,328,91,7,0,2,0,0,4,0,6,0,0,0,0,0,0,46,14,29,36,0,0,0,0,75,0,0,0,0,0,0,0,0,0,1,0,0,0,3,14,
5,מרחביה מושב,97,589,429,0,429,50,16,1,1,0,0,17,0,1,0,0,0,0,0,0,82,13,65,34,0,0,0,0,110,0,0,0,0,0,0,0,0,0,6,0,0,0,5,28,
9,משמרות,213,658,534,0,534,141,20,0,3,0,0,2,0,3,0,0,0,0,0,0,69,16,25,70,0,0,0,0,155,0,0,1,0,0,0,0,0,0,1,0,0,0,0,28,
3,נאות מרדכי,408,522,377,0,377,99,14,1,0,0,0,6,0,3,0,0,0,0,0,0,47,17,21,38,0,0,0,0,107,0,1,0,0,0,0,0,0,0,2,0,0,0,4,17,
5,נווה איתן,296,184,108,0,108,43,7,0,0,0,0,0,0,3,0,0,0,0,0,0,10,1,12,6,0,0,0,0,19,0,0,0,0,0,0,0,0,0,1,0,0,0,3,3,
5,נוף הגליל,1061,30954,15267,225,15042,307,375,360,2929,2,1,406,2,112,10,2,4,2,1,7,340,2894,4376,340,5,2,2,219,1215,6,1,1,0,3,6,0,2,8,83,5,3,0,315,696,
2,נחם,809,411,302,0,302,5,28,5,0,0,0,34,0,0,0,0,0,0,0,0,5,1,174,2,0,0,0,0,6,1,0,0,0,0,0,0,0,0,0,0,0,0,37,4,
4,פוריה  נווה עובד,1105,492,326,1,325,4,15,0,0,0,0,14,0,4,0,0,0,0,0,0,8,3,213,6,0,0,0,0,11,0,1,0,0,0,0,1,0,0,6,1,0,0,15,23,
2,פסגות,3659,1045,847,3,844,1,149,1,0,0,0,582,0,0,0,0,0,0,0,0,3,1,92,1,0,0,0,0,3,0,0,0,0,0,0,0,0,0,1,0,0,0,3,7,
3,קשת,4006,425,311,1,310,3,56,2,0,0,0,209,0,0,0,0,0,0,0,0,0,0,23,1,0,0,0,0,0,0,0,0,0,0,0,0,0,0,7,0,1,0,5,3,
2,ראש צורים,3602,509,420,1,419,4,230,0,1,0,0,95,0,1,0,0,0,0,0,0,2,0,52,0,0,0,0,0,7,0,0,0,0,0,0,0,0,0,3,0,1,0,0,23,
5,רמות מנשה,445,892,700,1,699,149,13,0,3,0,0,2,0,6,0,0,0,0,1,0,83,15,20,190,0,0,0,0,196,0,0,0,0,0,0,0,0,0,3,0,1,0,0,17,
3,רמות נפתלי,372,438,287,2,285,31,19,1,0,0,0,5,0,3,0,0,0,0,0,0,52,7,65,16,1,0,0,0,55,0,0,0,0,0,0,0,0,0,4,0,0,0,9,17,
5,רמת צבי,339,468,392,1,391,74,21,1,2,0,1,5,0,4,0,0,0,0,0,0,86,5,28,37,0,0,0,0,100,1,1,0,0,0,0,0,0,0,1,0,0,0,1,23,
2,רמת רזיאל,460,479,350,0,350,50,20,0,3,0,8,10,0,5,0,0,0,0,0,0,41,9,45,61,0,0,0,0,67,0,1,0,0,0,0,0,0,0,7,0,0,0,3,20,
3,שאר ישוב,324,413,301,1,300,49,22,0,0,0,0,6,1,8,0,0,0,0,0,0,35,8,59,5,0,0,0,0,88,0,0,0,0,0,0,0,0,0,0,2,0,0,3,14,
2,שילה,3641,1619,1228,2,1226,5,223,5,0,0,0,827,0,5,1,0,0,0,0,0,1,0,113,1,0,0,0,0,0,0,0,0,0,0,0,0,0,2,8,0,0,0,19,16,
3,שמיר,366,695,504,0,504,103,6,0,1,0,1,0,0,6,0,0,0,0,0,0,86,9,16,161,0,0,0,0,101,0,0,0,0,0,0,0,0,0,2,0,0,0,0,12,
6,שעב,538,899,553,0,553,0,0,0,302,0,0,0,0,0,0,0,0,0,0,0,0,0,6,1,0,0,0,231,4,0,0,0,1,0,0,0,0,0,0,0,0,0,0,8,
2,אביעזר,1070,587,458,2,456,63,46,2,2,0,3,24,0,4,0,0,0,1,0,0,49,28,139,22,0,0,0,0,37,1,0,0,0,0,0,1,0,0,3,0,0,0,12,19,
8,אפק,313,519,394,0,394,103,18,0,1,0,0,0,0,3,0,0,0,0,0,0,71,5,17,37,0,0,0,1,113,0,0,0,0,0,0,0,0,0,0,0,0,0,2,23,
5,בית לחם הגלילית,430,623,459,1,458,77,23,0,0,0,1,4,0,3,0,0,1,0,0,0,98,9,49,47,1,0,0,0,128,0,0,0,0,0,0,0,0,0,0,0,0,0,2,15,
5,בית שערים,248,500,381,0,381,61,13,1,1,0,0,4,0,0,0,0,0,0,0,0,64,15,38,39,0,0,0,0,124,0,0,0,0,0,0,0,0,0,2,0,0,0,0,19,
11,בני עטרות,448,611,508,1,507,83,22,0,2,0,0,2,0,4,0,0,0,0,0,0,88,17,42,73,0,0,0,0,148,0,0,0,0,0,0,0,0,0,1,0,0,0,2,23,
11,ברקת,2038,578,458,3,455,0,32,7,0,0,0,158,0,0,0,0,0,0,0,0,3,0,167,0,0,0,0,0,5,0,0,0,0,0,1,0,0,0,1,0,0,0,74,7,
6,דייר אלאסד,490,475,312,3,309,0,0,0,193,0,0,0,0,0,0,0,0,0,0,0,2,0,1,0,0,0,0,102,1,0,0,0,0,0,0,0,0,0,0,0,0,0,10,0,
3,דפנה,302,597,442,0,442,135,10,0,1,0,0,2,0,1,0,0,0,0,0,0,49,21,36,48,0,0,0,0,121,0,0,0,0,0,0,0,0,0,3,0,0,0,1,14,
5,הסוללים,677,744,544,3,541,103,16,0,3,0,0,3,0,4,0,0,0,0,0,0,80,17,51,65,0,0,0,0,167,0,0,0,0,0,0,0,0,0,3,0,0,0,8,21,
2,חגי,3764,359,291,0,291,0,47,0,0,0,0,220,0,0,0,0,0,1,0,0,0,0,22,0,0,0,0,0,0,0,0,0,0,0,0,0,0,0,0,0,0,0,1,0,
5,חנתון,1257,539,403,1,402,74,38,0,3,0,0,6,0,1,0,0,0,0,0,0,37,8,51,42,0,0,0,0,111,0,1,0,0,0,0,0,0,0,1,0,0,0,1,28,
3,כפר גלעדי,76,581,356,0,356,74,10,0,0,0,0,1,0,0,0,0,0,0,0,0,106,12,23,54,0,0,0,0,58,0,0,0,0,0,0,0,0,0,6,0,0,0,0,12,
3,כפר חושן,609,598,412,2,410,5,17,1,0,0,0,42,0,0,0,0,0,0,0,0,35,1,204,3,0,0,0,0,7,0,0,0,0,0,0,0,0,0,1,0,0,0,83,11,
4,כפר תבור,47,618,445,4,441,42,19,1,1,0,0,14,0,2,0,0,0,0,0,0,77,14,118,20,0,0,0,0,92,0,0,0,0,0,0,0,0,0,0,0,0,0,5,36,
2,מטע,822,561,406,0,406,75,29,2,7,0,0,11,0,4,0,0,0,0,0,0,25,7,134,39,0,0,0,0,34,0,0,0,0,0,0,0,0,0,10,0,0,0,6,23,
9,מעלה עירון,1327,441,101,4,97,0,0,0,53,0,0,0,0,0,0,0,0,0,0,0,0,0,0,4,0,0,0,37,0,0,0,0,0,0,0,0,0,0,3,0,0,0,0,0,
6,מצפה אביב,1222,371,279,1,278,59,13,0,0,0,0,2,0,3,0,0,0,0,0,0,41,3,19,30,0,0,0,0,91,0,0,0,0,0,0,0,0,0,0,1,0,0,1,15,
5,משהד,520,4428,2081,27,2054,5,1,0,841,0,0,1,0,6,2,0,0,1,0,0,1,0,43,16,0,0,1,1098,5,0,0,0,1,0,0,0,0,1,0,1,1,0,3,26,
2,נוה צוף,3573,380,285,1,284,1,81,1,0,0,0,148,0,4,0,0,0,0,0,0,1,1,36,0,0,0,0,0,2,0,0,0,0,0,0,0,0,1,1,0,0,0,6,1,
9,עין עירון,223,410,329,1,328,69,12,1,2,0,0,2,0,2,0,0,0,0,0,0,45,12,13,57,0,0,0,0,95,0,0,0,0,0,0,0,0,0,2,0,0,0,0,16,
2,עלי,3765,557,421,0,421,1,79,4,0,0,0,203,0,2,0,0,0,0,1,0,0,3,98,0,0,0,0,0,0,0,0,0,0,0,0,0,0,0,5,2,0,0,13,10,
3,פרוד,599,434,318,3,315,64,17,0,2,0,0,1,0,6,0,0,0,0,0,0,33,2,31,27,0,0,0,0,108,0,0,0,0,0,0,0,0,0,5,0,0,0,0,19,
10,צור משה,276,443,348,0,348,46,19,1,0,0,0,3,0,2,0,0,0,0,0,0,58,5,32,34,0,0,0,0,127,1,0,1,0,0,0,0,0,0,4,0,0,0,4,11,
3,שניר,1132,456,341,1,340,83,13,0,1,0,0,2,1,7,0,0,0,0,0,0,63,9,23,37,0,0,0,0,94,0,0,0,0,0,0,0,0,0,1,0,0,0,1,5,
8,שער העמקים,237,561,444,0,444,105,6,1,3,0,0,0,0,1,0,0,0,0,0,0,37,23,5,155,0,0,0,0,103,0,0,0,0,0,0,0,0,0,3,0,0,0,0,2,
4,שרונה,292,434,337,0,337,56,21,0,1,0,0,4,0,1,0,0,0,0,0,0,84,10,31,43,0,0,0,0,69,0,0,0,0,0,0,0,0,0,1,0,0,0,2,14,
6,אבן מנחם,1081,275,190,0,190,4,6,0,0,0,0,8,0,0,0,0,0,0,0,0,25,1,97,1,0,0,0,0,13,0,0,0,0,0,0,0,0,0,0,0,0,0,27,8,
4,אבני איתן,4011,412,299,0,299,2,85,0,0,0,0,129,0,1,0,0,0,0,0,0,2,3,43,1,0,0,0,0,3,0,0,0,0,0,0,0,0,0,1,0,0,0,2,27,
4,אשדות יעקב  מאוחד,188,553,362,0,362,67,17,0,1,0,0,5,0,6,0,0,0,0,0,1,65,12,48,34,0,0,0,0,74,0,0,0,0,0,0,0,0,0,5,0,0,0,2,25,
3,בית הלל,322,571,404,1,403,92,9,0,0,0,0,0,0,1,0,0,0,0,0,0,77,18,22,40,0,0,0,0,114,0,0,0,0,0,0,0,0,0,2,0,0,0,0,28,
4,בית קשת,365,472,334,0,334,140,9,0,0,0,0,0,0,5,0,0,0,0,0,0,27,3,12,59,0,0,0,0,56,0,0,0,0,0,0,0,0,0,11,0,0,0,0,12,
13,בני עיש,1066,373,253,2,251,0,13,4,0,0,0,35,0,0,0,0,0,0,0,0,12,5,134,1,0,1,0,0,9,0,1,0,0,0,0,0,0,0,0,0,0,0,29,7,
2,בר גיורא,823,420,305,1,304,18,28,2,0,0,0,16,0,5,0,0,0,0,0,0,22,5,149,14,0,0,0,0,12,0,0,0,0,0,0,0,0,0,1,0,0,0,21,11,
9,בת שלמה,33,442,357,2,355,61,24,2,0,0,0,6,0,6,0,0,0,0,0,0,43,16,42,36,0,0,0,0,103,0,0,0,0,0,0,0,0,0,3,0,0,0,3,10,
2,גבעת ישעיהו,919,509,381,1,380,80,24,0,2,0,0,11,0,5,0,0,0,0,0,0,48,7,48,68,0,0,0,0,60,0,0,0,0,0,0,0,0,0,1,0,0,0,10,16,
9,גבעת נילי,360,444,341,0,341,47,17,1,0,0,0,4,0,6,0,0,0,0,0,0,23,8,146,12,0,0,0,0,49,1,0,0,0,0,0,0,0,0,4,0,0,0,3,20,
3,דן,303,532,400,1,399,86,7,0,2,0,0,2,0,2,0,0,0,0,0,0,44,11,6,131,0,0,0,0,101,0,0,0,0,0,0,0,0,0,0,0,0,0,0,7,
2,זכריה,799,381,290,1,289,5,20,0,0,0,1,24,0,0,0,0,0,0,0,0,4,5,165,2,0,0,0,0,11,0,0,0,0,0,0,0,0,0,0,0,0,0,37,15,
3,יפתח,453,548,390,0,390,111,6,0,0,0,0,4,0,3,0,0,0,0,0,0,71,18,11,44,0,0,0,0,98,0,0,0,0,0,0,0,0,0,1,1,0,0,2,20,
5,ירדנה,2026,277,201,0,201,4,25,0,0,0,1,5,0,0,0,0,0,0,0,0,23,1,114,0,0,0,0,0,11,0,0,0,0,0,0,0,0,0,1,0,0,0,10,6,
3,כורזים,1252,338,218,0,218,41,14,2,1,0,0,9,0,3,0,0,0,0,0,0,33,4,24,32,0,0,0,0,29,0,0,0,0,0,0,0,0,0,1,0,0,0,0,25,
4,כנרת קבוצה,57,641,432,1,431,111,8,1,0,0,0,2,0,2,0,0,0,0,0,0,71,26,42,29,0,0,0,0,105,0,0,0,0,0,0,0,0,0,0,0,0,0,2,32,
2,כפר אוריה,364,537,408,1,407,65,28,0,2,0,2,7,0,5,0,0,0,0,0,0,59,12,86,55,0,0,0,0,62,0,0,0,0,0,0,0,0,0,8,0,0,0,4,12,
4,כפר חיטים,255,519,344,0,344,24,22,1,0,0,0,3,0,6,0,0,0,0,0,0,53,9,117,10,0,1,0,0,58,0,0,0,0,0,0,0,0,0,3,0,0,0,5,32,
6,כפר מנדא,510,392,222,1,221,1,0,0,39,0,0,0,0,2,0,0,0,0,0,0,0,0,12,2,0,0,0,153,1,0,0,0,0,0,0,0,0,0,0,0,0,0,8,3,
2,כרמי צור,3766,561,436,0,436,6,86,3,0,0,0,278,0,0,0,0,0,0,0,0,0,0,50,1,0,0,0,0,3,0,0,0,0,0,0,0,0,0,0,0,0,0,5,4,
6,כרמיאל,1139,345,172,2,170,9,7,22,0,0,0,5,0,1,0,0,0,0,0,0,6,41,29,2,0,0,0,1,27,0,0,0,0,0,0,0,0,0,2,0,0,0,6,12,
2,לוזית,52,475,331,0,331,30,17,4,1,0,0,16,0,2,0,0,0,0,0,0,21,5,119,18,0,0,0,1,30,0,0,0,0,0,0,0,0,0,10,0,0,0,47,10,
6,מגד אלכרום,516,1040,567,0,567,1,0,0,452,0,0,0,0,0,0,0,0,0,0,0,1,0,7,6,0,0,0,94,1,0,1,0,0,0,0,0,0,0,0,0,0,0,4,0,
6,מזרעה,517,501,261,4,257,1,0,0,192,0,0,0,0,0,0,0,0,0,0,0,0,0,3,3,0,0,0,57,0,0,0,0,0,0,0,0,0,0,0,0,0,0,0,1,
2,מעלה אדומים,3616,1625,1139,2,1137,21,81,4,0,0,0,84,0,12,0,0,0,0,0,0,32,29,638,5,0,0,0,0,65,0,0,0,0,0,0,0,0,0,5,0,0,0,96,65,
3,מרום גולן,4101,579,423,1,422,75,18,0,1,0,0,3,0,1,0,0,0,0,0,0,40,23,27,22,0,0,0,0,162,1,0,0,0,0,0,0,0,0,1,0,0,0,0,48,
6,נהריה,9100,2497,1428,3,1425,41,102,6,3,1,0,51,0,10,0,0,0,0,0,0,74,152,597,21,1,0,0,0,208,0,2,0,0,0,0,0,0,0,4,1,0,0,70,81,
4,נוב,4304,537,412,3,409,2,196,4,0,0,0,100,0,0,0,0,0,0,0,0,5,0,66,3,0,0,0,0,10,0,0,0,0,0,0,0,0,1,5,0,0,0,2,15,
5,נווה אור,590,345,233,2,231,58,11,0,0,0,1,2,0,5,0,0,0,0,0,0,32,14,16,21,0,0,0,0,61,0,0,0,0,0,0,0,0,0,2,0,0,0,1,7,
6,נחף,522,1248,634,2,632,0,0,0,268,0,0,0,0,4,0,0,0,0,0,0,1,0,11,7,1,1,1,315,3,0,0,0,0,0,0,0,0,0,0,0,0,0,7,13,
9,נחשולים,433,537,427,0,427,117,12,0,0,0,0,4,0,3,0,0,0,0,0,0,81,9,15,58,0,0,0,0,109,0,0,0,0,0,0,0,0,0,3,0,0,0,1,15,
6,סחנין,7500,1209,872,1,871,1,0,0,267,0,0,0,0,0,0,0,0,0,0,0,0,1,0,6,0,0,0,592,3,0,0,0,0,0,0,0,0,0,1,0,0,0,0,0,
5,עילוט,511,4857,1574,24,1550,1,0,0,604,1,0,0,0,2,3,1,1,1,1,1,5,0,19,24,1,0,0,755,4,0,1,0,0,0,0,2,1,0,0,1,1,0,119,1,
5,עין מאהל,532,3727,1509,14,1495,2,1,0,690,0,1,0,0,0,2,0,0,0,0,1,0,22,39,18,0,0,0,640,3,0,0,0,0,0,0,0,1,0,0,0,0,0,61,14,
2,עמינדב,779,633,454,2,452,40,43,1,1,0,1,22,0,4,0,0,0,0,0,0,51,12,143,31,0,0,0,0,65,0,0,0,0,0,0,0,0,0,6,0,0,0,5,27,
3,עמיר,319,503,367,0,367,76,3,0,2,0,0,4,0,3,0,0,0,0,0,0,46,6,18,119,0,0,0,1,76,0,0,0,0,0,0,0,0,0,3,0,0,0,0,10,
9,צרופה,612,366,277,0,277,21,23,5,1,0,1,14,0,7,0,0,0,0,0,0,29,10,86,2,0,0,0,0,39,0,0,0,0,0,0,0,0,0,5,0,0,0,10,24,
9,קציר,1243,464,269,1,268,44,9,1,2,0,0,0,0,5,0,0,0,0,0,0,23,28,44,28,0,0,0,2,59,1,1,0,0,0,0,0,0,1,1,0,0,0,1,18,
9,רגבים,444,425,284,0,284,73,7,0,4,0,0,5,0,2,0,0,0,0,0,0,60,4,17,44,0,0,0,0,57,0,0,0,0,0,0,0,0,0,0,0,0,0,2,9,
4,רמת מגשימים,4701,464,352,1,351,4,122,1,0,0,0,155,0,1,0,0,0,0,0,1,1,1,46,1,0,0,0,0,4,0,0,0,0,0,0,0,0,0,1,0,0,0,5,8,
6,רקפת,1228,401,289,0,289,45,15,0,0,0,0,2,0,8,0,0,0,0,0,0,31,5,24,26,0,0,0,1,113,0,0,0,0,0,0,0,0,0,2,0,0,0,1,16,
6,שלומי,812,351,184,2,182,2,8,2,0,0,0,7,0,1,0,0,0,0,0,0,6,10,108,3,0,0,0,0,11,1,0,0,0,0,0,0,0,0,0,0,0,0,18,5,
9,שקד,3649,611,453,4,449,13,88,1,0,0,0,27,0,3,0,0,0,0,0,0,23,18,136,2,0,0,0,0,75,0,0,0,0,0,0,0,0,0,2,0,0,0,6,55,
